CustomerId,Surname,Age,Gender,Marital Status,Education Level,Account Balance Trend,Loan History,Frequency of Deposits/Withdrawals,Average Transaction Value,Account Activity,Use of Savings Products,Use of Loan Products,Use of Digital Banking,Participation in Group Lending,Tenure,Number of Complaints Logged,Response Time to Complaints,Customer Support Interactions,Repayment Timeliness,Overdue Loan Frequency,Penalties Paid,Exited
SMB15565701,Abdullahi,18,Male,Single,Primary,Stable,Active,5,1406.9372150431573,Dormant,1,1,USSD,1,9,2,11,1,On-time,1,5458.300096542491,0
SMB15565702,Bello,68,Male,Single,Tertiary,Increasing,Defaulted,7,48532.8106418654,Active,0,1,USSD,0,5,1,3,2,On-time,4,2868.0643707120103,1
SMB15565703,Adesina,62,Male,Married,Tertiary,Increasing,Cleared,3,22153.445954164534,Dormant,0,1,App,0,2,3,13,0,Late,4,2501.341043370423,0
SMB15565704,Sule,21,Male,Single,Primary,Stable,Defaulted,5,48498.13110657144,Active,0,1,Both,0,4,2,2,1,On-time,4,47.66130481536401,0
SMB15565705,Nwachukwu,79,Male,Married,Tertiary,Decreasing,Cleared,7,7875.852468623479,Active,1,0,Both,1,0,4,11,1,On-time,2,3966.1034205540036,0
SMB15565706,Ibrahim,82,Female,Single,Tertiary,Decreasing,Active,2,29780.972193416816,Active,1,1,App,0,7,2,1,6,On-time,1,4851.029839390655,0
SMB15565707,Adesina,49,Male,Single,Tertiary,Stable,Active,8,10847.72760677074,Dormant,1,0,Both,1,5,4,2,9,On-time,0,7428.037456552986,0
SMB15565708,Adekunle,51,Male,Single,Tertiary,Stable,Defaulted,4,39713.63222120046,Active,1,1,USSD,1,1,1,6,5,Late,3,666.2696094429998,1
SMB15565709,Abdullahi,89,Female,Married,Primary,Stable,Active,2,39401.44644928779,Active,1,1,None,1,3,0,7,8,On-time,2,9239.894123987113,0
SMB15565710,Olawale,56,Female,Married,Secondary,Stable,Cleared,5,6517.750302926278,Active,0,0,None,0,3,2,14,4,On-time,1,2639.584682470415,0
SMB15565711,Chukwu,43,Male,Single,None,Stable,Active,5,45691.15819094307,Active,0,1,App,1,8,0,4,8,Late,3,3667.206901282478,0
SMB15565712,Abdullahi,51,Male,Single,None,Increasing,Cleared,4,10536.852712958007,Dormant,0,1,Both,0,8,0,10,9,Late,0,483.62465595261807,1
SMB15565713,Nwachukwu,71,Male,Married,Tertiary,Stable,Cleared,6,31035.889737878657,Active,0,0,None,1,4,2,0,8,On-time,3,6531.364108181234,1
SMB15565714,Nwachukwu,20,Female,Single,Primary,Stable,Active,8,49296.0473842975,Active,0,1,USSD,1,2,2,2,1,Late,4,7089.227973898668,0
SMB15565715,Ibrahim,67,Female,Married,Secondary,Decreasing,Active,4,44237.43020355183,Active,0,1,App,0,0,0,3,8,On-time,4,9287.912172897655,0
SMB15565716,Adekunle,29,Male,Married,Tertiary,Increasing,Cleared,3,47871.63249949728,Dormant,0,1,Both,1,5,3,9,2,On-time,2,3368.290033152288,0
SMB15565717,Bello,82,Female,Single,Tertiary,Decreasing,Cleared,6,17787.339789687852,Active,0,1,USSD,0,7,3,12,2,On-time,3,2573.6872987823344,0
SMB15565718,Ibrahim,71,Female,Single,Tertiary,Stable,Defaulted,4,6173.206468753705,Dormant,1,1,Both,1,0,2,12,8,On-time,4,7260.865035708707,0
SMB15565719,Ibrahim,22,Female,Divorced,Primary,Stable,Active,2,10228.996791183055,Dormant,1,0,USSD,0,0,0,11,6,On-time,2,7068.008884429279,0
SMB15565720,Chukwu,74,Female,Married,None,Increasing,Defaulted,3,25524.249858754076,Active,1,0,USSD,0,6,0,3,7,On-time,2,9371.240578533869,1
SMB15565721,Okonkwo,34,Male,Married,Primary,Stable,Cleared,1,39868.254235392786,Active,0,1,USSD,0,6,1,11,6,On-time,2,2053.1862423328394,0
SMB15565722,Adekunle,64,Male,Single,None,Stable,Active,9,8357.528565009885,Active,1,0,USSD,0,1,0,0,8,On-time,0,7052.926226945352,0
SMB15565723,Okafor,40,Male,Married,None,Increasing,Cleared,5,33326.8450807771,Dormant,0,1,None,1,2,3,9,7,On-time,4,668.6857718935424,0
SMB15565724,Ibrahim,31,Male,Single,Primary,Increasing,Active,3,16855.302597936083,Active,0,1,App,1,1,1,8,3,On-time,4,4803.681067572186,0
SMB15565725,Yusuf,83,Male,Married,Secondary,Stable,Active,4,17718.901547215522,Active,0,0,App,1,5,3,11,1,On-time,1,1193.9077726570836,0
SMB15565726,Onuoha,68,Female,Divorced,Secondary,Stable,Active,3,33433.968777738395,Dormant,1,0,App,0,7,4,9,4,On-time,0,6531.459880944719,0
SMB15565727,Okonkwo,55,Male,Single,Primary,Stable,Active,4,23882.971557127792,Active,1,1,USSD,0,7,2,14,1,On-time,4,6014.667616916858,0
SMB15565728,Okafor,81,Male,Single,Secondary,Stable,Active,6,40789.6313582737,Active,0,1,USSD,1,0,4,14,3,On-time,4,488.32933629728626,0
SMB15565729,Yusuf,55,Male,Single,Primary,Stable,Defaulted,4,8640.006973478525,Active,0,1,USSD,0,8,2,3,1,On-time,1,3196.1782258475614,0
SMB15565730,Adekunle,67,Female,Single,None,Stable,Active,2,39707.46521858488,Active,1,1,None,1,7,3,1,4,On-time,3,3950.336322767527,0
SMB15565731,Adebayo,47,Male,Single,Secondary,Stable,Active,6,4147.5271548136225,Active,0,0,USSD,1,8,3,12,5,Late,3,2480.6026951296444,0
SMB15565732,Yusuf,68,Male,Single,Secondary,Decreasing,Active,3,10508.640132034645,Active,0,1,None,0,8,4,8,0,Late,0,386.70044018810137,0
SMB15565733,Olawale,80,Male,Married,Secondary,Increasing,Cleared,6,33151.336010655104,Dormant,0,0,None,1,5,2,13,7,Late,2,3188.2189610605883,0
SMB15565734,Okonkwo,69,Male,Married,None,Increasing,Defaulted,2,42891.35716904249,Active,1,1,App,1,2,2,3,1,On-time,1,7926.249014508286,1
SMB15565735,Adesina,55,Female,Single,Tertiary,Stable,Defaulted,8,13381.301759228103,Dormant,0,1,None,1,0,1,3,4,On-time,1,3601.090885916426,0
SMB15565736,Yusuf,47,Female,Divorced,Secondary,Stable,Defaulted,3,17032.388685616734,Dormant,0,1,Both,0,7,0,10,7,On-time,4,3233.697552343533,0
SMB15565737,Eze,68,Male,Single,Secondary,Stable,Cleared,6,27318.916666050256,Active,0,1,USSD,0,9,1,5,4,Late,4,9417.531379115846,0
SMB15565738,Adebayo,22,Female,Divorced,Secondary,Stable,Active,4,11367.067517975815,Dormant,1,1,Both,0,2,3,7,2,On-time,1,416.307187145013,0
SMB15565739,Nwachukwu,46,Female,Single,Tertiary,Stable,Cleared,5,40746.65681778778,Active,1,1,None,0,6,4,4,5,On-time,2,7672.88195641983,0
SMB15565740,Nwachukwu,21,Female,Married,Secondary,Increasing,Cleared,6,38908.19560528228,Dormant,0,1,USSD,0,9,2,11,0,On-time,3,4830.9359831434995,0
SMB15565741,Sule,27,Male,Married,Secondary,Increasing,Cleared,1,8119.293886323299,Dormant,1,1,USSD,1,5,1,7,0,Late,0,9444.625075105407,1
SMB15565742,Olawale,73,Male,Married,Tertiary,Increasing,Active,5,23727.656859014973,Active,1,1,App,1,2,4,0,7,On-time,3,3934.707441633918,0
SMB15565743,Yusuf,34,Male,Divorced,Secondary,Stable,Cleared,7,38966.56056607645,Active,1,1,USSD,1,5,4,12,6,On-time,0,7080.423370055218,0
SMB15565744,Yusuf,91,Female,Single,Primary,Decreasing,Active,6,17529.147024067326,Active,1,0,USSD,0,2,0,3,9,Late,2,699.3536439051484,0
SMB15565745,Sule,34,Male,Divorced,Secondary,Stable,Defaulted,6,32022.23431316885,Active,1,0,App,1,8,2,0,9,On-time,1,9287.72425583881,1
SMB15565746,Onuoha,86,Male,Single,Primary,Stable,Cleared,7,3460.4429514210638,Active,1,0,USSD,0,0,4,2,2,On-time,2,3445.4266679859256,0
SMB15565747,Onuoha,51,Male,Single,Primary,Stable,Active,4,30825.74926593658,Active,0,1,None,1,7,2,10,7,On-time,1,5240.045757842865,0
SMB15565748,Sule,23,Female,Single,Secondary,Increasing,Cleared,3,8479.996020029743,Dormant,1,0,USSD,1,4,1,6,7,On-time,4,1384.816087629671,0
SMB15565749,Onuoha,70,Male,Married,Tertiary,Decreasing,Active,8,41698.582930608114,Active,1,1,USSD,1,3,4,0,0,On-time,0,9455.578712202408,0
SMB15565750,Chukwu,83,Female,Single,Tertiary,Stable,Cleared,4,18417.023715443444,Dormant,1,1,USSD,1,0,4,4,9,On-time,4,6729.704039298935,0
SMB15565751,Yusuf,60,Female,Married,Primary,Decreasing,Defaulted,5,14796.13927368159,Dormant,1,0,USSD,1,8,1,0,6,On-time,1,539.4747683611223,0
SMB15565752,Abdullahi,40,Male,Married,Secondary,Decreasing,Active,5,42203.55985886276,Active,1,1,None,0,8,2,5,1,Late,0,1552.0677917928338,0
SMB15565753,Bello,72,Female,Married,Primary,Stable,Active,3,3457.0571305187,Dormant,1,0,USSD,0,4,2,8,1,On-time,0,3998.3399764264973,1
SMB15565754,Eze,33,Male,Married,Tertiary,Stable,Cleared,9,20433.831167382894,Active,1,1,App,0,8,4,2,1,On-time,4,2167.7101238427176,1
SMB15565755,Chukwu,25,Female,Married,Tertiary,Stable,Active,8,19130.173488176537,Active,1,1,USSD,0,9,1,10,4,On-time,0,3046.2556951633055,0
SMB15565756,Adekunle,21,Male,Single,Secondary,Decreasing,Active,6,14955.21833822799,Dormant,1,1,USSD,1,8,3,10,6,Late,1,9974.911608761766,0
SMB15565757,Chukwu,21,Female,Single,Tertiary,Stable,Active,3,45675.96226807238,Active,1,0,None,0,6,2,13,3,On-time,1,6586.486971498026,1
SMB15565758,Abdullahi,73,Female,Single,Secondary,Increasing,Cleared,5,37795.49128231939,Active,1,1,USSD,1,7,3,11,3,On-time,4,9222.176023144519,0
SMB15565759,Adekunle,42,Female,Single,Secondary,Stable,Defaulted,5,4132.235045405,Dormant,1,1,None,0,0,4,14,8,On-time,2,4357.983748543291,0
SMB15565760,Eze,84,Female,Single,None,Increasing,Active,5,36019.68502231275,Dormant,1,1,USSD,0,3,3,5,9,On-time,1,7102.822844905679,0
SMB15565761,Abdullahi,84,Male,Single,Primary,Stable,Active,3,26837.657523310903,Dormant,0,1,USSD,1,9,3,3,8,On-time,1,4596.9029216128865,1
SMB15565762,Okafor,44,Female,Divorced,Secondary,Increasing,Active,7,45142.526825677385,Dormant,0,0,Both,0,9,2,5,6,Late,0,3282.2454285502413,0
SMB15565763,Bello,49,Female,Married,Secondary,Decreasing,Active,3,16334.335250069566,Active,1,1,None,1,3,4,1,9,On-time,0,5191.731465010563,0
SMB15565764,Eze,67,Female,Single,Primary,Decreasing,Defaulted,0,29133.937980869563,Active,1,1,USSD,1,8,3,3,3,Late,1,4273.1104178748665,0
SMB15565765,Yusuf,78,Male,Married,Tertiary,Decreasing,Cleared,6,25537.008462308317,Dormant,0,0,USSD,0,2,2,12,7,On-time,4,9805.406486806936,1
SMB15565766,Onuoha,68,Female,Single,None,Stable,Active,6,24988.48440515268,Active,0,1,USSD,1,9,3,12,9,Late,2,4961.664052164008,0
SMB15565767,Okafor,36,Female,Married,Secondary,Increasing,Active,4,23349.164576343417,Active,1,1,App,0,9,2,6,2,On-time,0,8111.131328987955,0
SMB15565768,Olawale,38,Female,Married,Secondary,Stable,Active,5,11075.844301081783,Active,1,1,USSD,1,0,4,10,2,On-time,0,6668.194682958485,1
SMB15565769,Eze,22,Male,Married,Secondary,Stable,Cleared,9,38029.786202127245,Dormant,1,0,None,1,4,1,5,6,On-time,2,4796.272372174225,0
SMB15565770,Olawale,59,Female,Married,Secondary,Increasing,Cleared,5,23115.465604225144,Active,1,0,USSD,0,6,2,8,8,On-time,0,4741.500724663361,0
SMB15565771,Adekunle,78,Male,Divorced,Primary,Stable,Cleared,4,47967.29747512768,Dormant,0,1,USSD,1,3,2,10,3,Late,4,3418.9011706203764,1
SMB15565772,Okafor,39,Female,Married,None,Increasing,Active,3,13779.612932446038,Active,0,1,None,0,8,3,6,3,On-time,0,1069.8180763205612,0
SMB15565773,Bello,38,Male,Married,Secondary,Decreasing,Active,6,34454.44814172501,Active,0,0,USSD,1,5,4,0,0,On-time,0,7614.693289373168,0
SMB15565774,Yusuf,87,Female,Married,Secondary,Stable,Active,2,47095.13690231631,Active,1,1,USSD,1,5,0,5,0,On-time,1,9180.94793200539,0
SMB15565775,Sule,18,Female,Married,None,Increasing,Active,6,33509.45782778853,Active,0,0,USSD,1,2,0,10,2,Late,4,2179.5485466011764,0
SMB15565776,Yusuf,22,Male,Single,Secondary,Stable,Defaulted,6,43692.37247325233,Dormant,1,1,None,1,9,1,2,6,On-time,4,9256.734939291973,0
SMB15565777,Abdullahi,29,Female,Single,Primary,Stable,Cleared,6,41546.5670280933,Active,1,1,USSD,0,9,4,7,8,Late,1,2323.042180582782,0
SMB15565778,Yusuf,63,Male,Single,Secondary,Stable,Cleared,5,18645.76805896119,Active,1,1,USSD,1,4,2,12,3,Late,3,5300.791019837751,1
SMB15565779,Adesina,51,Female,Married,Tertiary,Decreasing,Cleared,3,30406.07305703533,Active,1,1,USSD,0,9,0,0,1,Late,2,3436.2199612713785,0
SMB15565780,Ibrahim,66,Female,Married,None,Decreasing,Active,4,8656.805650756425,Active,0,1,Both,1,5,1,9,5,On-time,4,1145.0878591225821,0
SMB15565781,Sule,62,Female,Single,None,Decreasing,Cleared,4,27240.768252084377,Active,1,1,None,0,3,4,1,5,On-time,3,528.3837495554733,0
SMB15565782,Chukwu,44,Female,Divorced,Secondary,Decreasing,Active,5,12290.676618902524,Active,0,1,Both,1,2,1,2,8,On-time,2,3653.465321442274,0
SMB15565783,Onuoha,90,Female,Divorced,Secondary,Stable,Active,4,37443.10393266984,Dormant,0,1,USSD,1,4,0,13,3,Late,4,473.4386454943995,0
SMB15565784,Adebayo,43,Male,Married,Secondary,Stable,Cleared,4,26874.862672714105,Dormant,1,0,App,1,6,3,2,7,Late,0,1042.064375378513,0
SMB15565785,Bello,64,Male,Married,Tertiary,Increasing,Active,5,21150.140768951365,Active,0,1,USSD,0,5,3,6,2,On-time,4,1422.9757879798422,1
SMB15565786,Okafor,73,Female,Married,Tertiary,Stable,Defaulted,5,14171.0577121819,Active,1,0,USSD,1,1,4,12,1,Late,2,19.15706178999055,0
SMB15565787,Ibrahim,80,Female,Single,Tertiary,Stable,Active,5,49936.22561022305,Active,1,1,App,1,0,1,7,8,On-time,3,1532.5221584365345,0
SMB15565788,Bello,65,Female,Married,Secondary,Stable,Cleared,7,4513.815523361702,Active,0,0,App,1,4,2,14,5,On-time,0,5772.786803783746,1
SMB15565789,Okafor,78,Female,Single,Primary,Increasing,Cleared,3,3134.473348048581,Dormant,0,1,USSD,0,4,0,8,7,On-time,2,8195.231220959366,0
SMB15565790,Onuoha,43,Male,Married,Primary,Increasing,Active,2,11645.612624199362,Dormant,1,0,None,0,5,3,6,9,Late,2,1934.2995940806984,0
SMB15565791,Okonkwo,53,Female,Single,None,Stable,Cleared,4,48582.55047276316,Active,1,1,USSD,0,2,3,7,8,Late,4,808.7260384750028,0
SMB15565792,Okonkwo,18,Male,Married,Secondary,Stable,Active,4,48982.670247679234,Dormant,1,1,Both,0,0,1,10,0,Late,1,7295.141984358722,0
SMB15565793,Olawale,25,Male,Divorced,Primary,Increasing,Defaulted,6,33091.459003834665,Active,1,1,USSD,0,3,3,14,0,Late,1,81.62711457216032,0
SMB15565794,Bello,69,Male,Single,Tertiary,Increasing,Cleared,3,44125.22669311383,Active,1,1,USSD,0,3,1,5,4,On-time,0,7341.621020363812,0
SMB15565795,Okonkwo,64,Male,Married,Secondary,Stable,Cleared,5,11484.124811198973,Active,1,1,App,0,9,0,1,8,Late,2,1311.1723586688129,0
SMB15565796,Adesina,73,Male,Divorced,Secondary,Increasing,Cleared,5,48630.062614654555,Active,0,1,App,0,1,1,0,6,On-time,3,2282.850621194035,0
SMB15565797,Sule,31,Male,Married,Primary,Stable,Active,5,7996.457656838668,Dormant,1,1,USSD,0,7,3,2,6,Late,0,1200.6991088802954,1
SMB15565798,Okafor,45,Female,Married,None,Stable,Cleared,5,5955.1342209012555,Active,1,1,USSD,1,5,1,8,1,Late,0,2473.381570513945,0
SMB15565799,Olawale,19,Male,Married,None,Increasing,Cleared,3,6498.365423116372,Active,1,0,Both,1,2,3,12,2,On-time,4,7981.759384617949,1
SMB15565800,Yusuf,43,Male,Single,Primary,Increasing,Cleared,10,29083.26824035567,Dormant,1,1,USSD,0,0,4,6,3,On-time,3,1325.4410512507575,1
SMB15565801,Okafor,31,Male,Single,None,Stable,Active,5,39267.74563518457,Dormant,1,1,App,1,2,3,1,1,On-time,2,9941.65632293534,0
SMB15565802,Olawale,76,Male,Single,Secondary,Increasing,Cleared,4,18966.69171585702,Dormant,0,1,USSD,1,7,3,13,9,Late,2,3270.977760977919,0
SMB15565803,Onuoha,73,Male,Married,Tertiary,Increasing,Defaulted,4,48916.9034015202,Dormant,1,1,USSD,1,3,3,0,8,On-time,2,9219.68125508329,1
SMB15565804,Bello,24,Male,Single,Tertiary,Increasing,Active,7,22286.586767798144,Active,1,1,USSD,0,2,4,1,4,On-time,0,1900.3307983554662,0
SMB15565805,Onuoha,20,Female,Married,Secondary,Increasing,Defaulted,3,8371.978987887598,Dormant,1,0,USSD,0,3,2,14,6,Late,4,1878.9751994440173,0
SMB15565806,Sule,40,Female,Married,Primary,Increasing,Active,6,23832.370661120698,Dormant,0,1,App,1,3,3,2,8,On-time,0,5653.356830430738,0
SMB15565807,Sule,35,Female,Married,Tertiary,Stable,Defaulted,2,34272.82110569955,Dormant,0,1,USSD,0,1,2,13,4,On-time,1,506.0008490467793,0
SMB15565808,Ibrahim,55,Male,Married,Tertiary,Stable,Cleared,4,41779.063244714554,Dormant,1,1,USSD,0,3,0,5,5,On-time,1,8010.0289763559285,1
SMB15565809,Onuoha,32,Male,Divorced,None,Stable,Defaulted,4,23479.64620787305,Active,1,1,USSD,0,8,1,11,3,On-time,2,4396.152506680539,0
SMB15565810,Abdullahi,81,Female,Married,Secondary,Stable,Cleared,4,30086.734476409205,Dormant,0,0,USSD,0,3,2,8,7,Late,4,6991.964733528545,0
SMB15565811,Yusuf,45,Male,Married,Primary,Increasing,Defaulted,8,14099.890895783814,Active,1,1,USSD,1,0,0,7,0,On-time,2,1746.3220349601938,0
SMB15565812,Eze,91,Male,Married,Tertiary,Increasing,Active,5,32649.909793870185,Active,0,0,USSD,0,0,1,9,0,On-time,2,6423.573507861904,0
SMB15565813,Onuoha,56,Male,Married,Tertiary,Stable,Active,8,49312.62525356684,Active,1,1,USSD,1,0,3,8,4,On-time,0,5940.706543516936,0
SMB15565814,Ibrahim,74,Male,Divorced,None,Stable,Defaulted,5,3403.625056801899,Dormant,1,1,App,1,4,3,10,9,On-time,2,7556.612519179437,0
SMB15565815,Adekunle,34,Male,Single,Tertiary,Stable,Active,7,44440.00286455322,Active,0,1,App,1,5,3,10,8,Late,2,2974.0129265097057,0
SMB15565816,Adesina,61,Male,Single,Secondary,Stable,Active,8,28551.842635608617,Active,1,1,USSD,0,5,4,7,1,Late,4,9331.655749715092,1
SMB15565817,Okafor,42,Female,Married,Tertiary,Increasing,Defaulted,3,13352.834318552697,Active,1,1,USSD,0,5,4,6,2,On-time,4,9613.01069395732,0
SMB15565818,Sule,34,Male,Married,Primary,Stable,Active,4,47789.59579045364,Dormant,0,0,USSD,0,8,4,5,7,On-time,4,8681.236112213548,0
SMB15565819,Adekunle,30,Female,Married,Tertiary,Increasing,Active,6,24684.36084988605,Active,1,1,USSD,0,0,4,7,4,On-time,2,5720.337661605418,0
SMB15565820,Ibrahim,42,Female,Married,None,Decreasing,Defaulted,4,17252.822331995896,Dormant,1,0,App,1,9,0,5,2,On-time,4,4202.882706613505,0
SMB15565821,Olawale,85,Female,Single,Primary,Stable,Active,4,9893.383785271217,Dormant,1,1,USSD,0,5,0,1,5,On-time,4,579.9241856995485,0
SMB15565822,Eze,27,Female,Married,None,Stable,Cleared,6,12978.158302576441,Active,0,0,USSD,1,7,3,12,5,Late,3,9472.278014609896,0
SMB15565823,Yusuf,84,Female,Married,Tertiary,Stable,Cleared,2,41809.60303798068,Active,0,1,USSD,1,7,1,8,4,On-time,3,9517.813436983668,0
SMB15565824,Yusuf,35,Male,Married,Tertiary,Increasing,Cleared,4,31106.090456541126,Dormant,1,0,USSD,1,2,4,8,4,On-time,1,186.88454979683854,1
SMB15565825,Yusuf,51,Male,Married,Tertiary,Increasing,Active,2,45749.03535492749,Dormant,0,1,None,1,4,1,2,5,On-time,0,3568.8754664072007,0
SMB15565826,Adesina,25,Male,Divorced,Tertiary,Stable,Cleared,8,12366.454155731506,Dormant,1,1,USSD,0,9,0,8,1,On-time,0,8800.363682582618,0
SMB15565827,Eze,57,Female,Single,None,Increasing,Cleared,7,6935.790118596173,Active,0,1,None,0,3,4,1,5,Late,4,808.520330396183,1
SMB15565828,Adesina,59,Female,Married,Primary,Decreasing,Cleared,2,1298.2890178039102,Dormant,1,1,Both,0,0,0,11,1,On-time,1,1965.6637671020737,0
SMB15565829,Sule,58,Male,Married,None,Stable,Active,5,25885.239843183695,Active,1,1,App,0,8,0,13,2,On-time,1,9786.773168195909,0
SMB15565830,Adesina,23,Female,Married,Primary,Stable,Cleared,6,49917.039588717416,Active,1,1,App,1,4,2,2,1,On-time,3,8472.888121203485,1
SMB15565831,Adebayo,69,Male,Married,Primary,Decreasing,Cleared,7,35053.29817211331,Dormant,1,1,Both,0,1,0,13,0,Late,1,9120.634940837637,1
SMB15565832,Eze,43,Female,Single,Primary,Increasing,Defaulted,7,16111.335006292158,Active,1,1,USSD,0,1,3,5,0,On-time,2,1421.544186553172,0
SMB15565833,Abdullahi,81,Male,Single,Primary,Decreasing,Cleared,7,43966.07056828241,Dormant,1,1,App,1,6,0,13,8,Late,4,2113.15958966845,0
SMB15565834,Eze,76,Male,Single,None,Increasing,Defaulted,6,39304.39103341002,Active,0,0,None,0,3,4,3,3,On-time,2,6054.16584351749,1
SMB15565835,Ibrahim,73,Male,Married,None,Decreasing,Defaulted,5,1755.3431377504235,Dormant,1,1,None,1,0,3,7,4,Late,0,5017.382210026992,1
SMB15565836,Adebayo,76,Male,Single,None,Stable,Active,5,41026.1635465101,Active,1,1,App,0,4,0,0,9,Late,3,2985.0339054704887,0
SMB15565837,Yusuf,87,Male,Single,Tertiary,Increasing,Cleared,8,15725.811104686303,Active,0,0,None,0,1,3,12,6,On-time,2,8838.462997372464,0
SMB15565838,Ibrahim,50,Male,Divorced,Secondary,Decreasing,Active,7,8333.999764596454,Dormant,0,1,Both,1,6,0,5,1,Late,4,9013.88615535573,1
SMB15565839,Ibrahim,70,Female,Single,Tertiary,Increasing,Defaulted,4,12090.211147116654,Active,0,1,USSD,1,8,3,1,9,On-time,2,2916.8401014661117,0
SMB15565840,Sule,39,Male,Divorced,Primary,Stable,Active,5,23960.41041438181,Active,0,0,App,0,0,1,5,8,On-time,2,1557.531405919398,0
SMB15565841,Nwachukwu,38,Male,Married,Primary,Stable,Defaulted,8,21818.52842633254,Dormant,1,1,USSD,0,1,2,13,3,On-time,1,1490.924207703135,1
SMB15565842,Chukwu,87,Female,Married,Secondary,Stable,Active,5,15155.477669337111,Active,1,1,USSD,0,5,3,0,9,On-time,3,4844.251953919391,0
SMB15565843,Adebayo,87,Female,Single,Primary,Stable,Cleared,2,9438.697788144602,Dormant,1,0,None,0,7,4,14,9,On-time,0,1329.1849540135293,0
SMB15565844,Ibrahim,21,Male,Single,Primary,Stable,Cleared,3,38349.30869246629,Active,1,1,App,0,6,2,1,0,Late,4,4733.402220952253,0
SMB15565845,Chukwu,79,Male,Married,Primary,Increasing,Active,7,49515.379403010935,Active,0,1,None,1,8,2,8,7,Late,4,4619.340728598574,1
SMB15565846,Chukwu,79,Male,Married,None,Increasing,Active,3,39111.78744056483,Dormant,0,0,USSD,0,1,0,5,3,On-time,0,8841.10213205657,0
SMB15565847,Adebayo,41,Male,Married,Primary,Stable,Active,8,15500.911415905519,Dormant,1,1,USSD,0,8,3,7,6,Late,4,2962.10439800037,0
SMB15565848,Nwachukwu,72,Female,Single,Primary,Increasing,Cleared,1,12995.639109194535,Active,0,1,None,1,3,2,6,2,On-time,1,5606.524586409774,1
SMB15565849,Adekunle,26,Male,Married,Secondary,Stable,Defaulted,5,11665.627927230973,Active,0,1,USSD,0,2,4,8,8,On-time,2,7434.998642840964,0
SMB15565850,Olawale,20,Male,Married,None,Stable,Defaulted,3,7698.058649962778,Dormant,1,1,None,0,6,4,8,4,Late,1,5959.147950499064,0
SMB15565851,Abdullahi,48,Female,Married,Primary,Stable,Active,5,28015.19693492276,Active,1,1,App,1,4,4,10,4,On-time,1,9540.67844980137,0
SMB15565852,Olawale,57,Male,Married,Tertiary,Increasing,Cleared,5,30664.618225713864,Active,0,1,USSD,0,4,0,3,2,On-time,1,6022.7748049977,0
SMB15565853,Eze,53,Female,Married,None,Stable,Cleared,2,35569.630372493724,Active,1,0,USSD,1,1,1,6,8,Late,0,9018.62178470112,1
SMB15565854,Yusuf,41,Male,Married,Primary,Stable,Cleared,7,34330.45517574973,Active,1,1,USSD,0,5,3,4,2,On-time,3,2450.5638925374296,0
SMB15565855,Abdullahi,23,Female,Single,Tertiary,Stable,Cleared,2,15324.33225288574,Active,0,1,USSD,0,5,2,6,1,On-time,0,5607.527727794363,0
SMB15565856,Eze,83,Male,Married,None,Decreasing,Active,4,17185.23926444548,Active,1,0,USSD,0,3,3,3,8,On-time,0,5433.059265666544,0
SMB15565857,Ibrahim,21,Female,Single,None,Stable,Active,5,34394.21223667455,Active,0,1,App,0,4,2,11,8,On-time,1,9894.521101400835,0
SMB15565858,Yusuf,23,Female,Married,Primary,Increasing,Active,4,18122.93439839779,Active,1,0,None,0,6,0,9,9,Late,3,2045.063133991235,0
SMB15565859,Okafor,68,Male,Married,Primary,Increasing,Active,4,11418.53629134634,Active,1,1,None,0,7,3,10,3,On-time,0,1409.9339836597746,0
SMB15565860,Adebayo,79,Female,Single,Secondary,Increasing,Active,5,19342.47153114024,Dormant,1,1,USSD,1,5,0,10,3,On-time,3,6116.720776304204,1
SMB15565861,Abdullahi,74,Female,Single,Tertiary,Decreasing,Active,4,14332.123721320906,Active,0,1,USSD,1,4,0,0,9,On-time,1,2236.9214333206332,0
SMB15565862,Abdullahi,83,Female,Single,None,Stable,Active,4,5327.323339710312,Dormant,0,0,USSD,0,2,3,3,5,On-time,0,6391.553456502898,1
SMB15565863,Onuoha,25,Female,Married,Secondary,Stable,Cleared,5,41676.806211556024,Dormant,0,1,USSD,1,6,3,14,8,On-time,3,9724.89088519551,1
SMB15565864,Ibrahim,43,Female,Divorced,Secondary,Decreasing,Cleared,7,42802.45806869478,Active,1,0,App,1,7,2,12,7,On-time,4,9465.059953974576,0
SMB15565865,Adekunle,68,Male,Single,None,Stable,Cleared,6,11767.764708177094,Dormant,0,1,None,1,2,4,9,9,On-time,0,2311.03024643998,1
SMB15565866,Chukwu,62,Male,Divorced,Secondary,Increasing,Cleared,6,4173.837776734886,Active,1,1,USSD,0,4,0,14,2,On-time,0,1708.9634821214895,0
SMB15565867,Yusuf,61,Female,Married,Primary,Increasing,Active,8,37202.544430207796,Dormant,0,1,USSD,1,1,1,2,5,On-time,0,5607.392871625458,0
SMB15565868,Ibrahim,22,Male,Single,Primary,Increasing,Cleared,5,11364.902667307271,Dormant,1,1,USSD,0,9,2,8,6,Late,3,5867.772882231501,0
SMB15565869,Okonkwo,87,Female,Single,None,Decreasing,Active,2,20278.338982406152,Active,0,1,Both,0,9,2,4,5,Late,2,6622.500713806503,0
SMB15565870,Nwachukwu,43,Female,Married,Primary,Decreasing,Cleared,4,4142.62735963178,Dormant,1,0,USSD,1,3,4,3,2,Late,0,7414.9092598680845,0
SMB15565871,Chukwu,85,Male,Married,Primary,Increasing,Active,6,12087.209653163323,Active,0,1,Both,1,3,4,7,8,On-time,4,6009.573106720042,0
SMB15565872,Adebayo,36,Male,Married,Tertiary,Stable,Cleared,3,39852.211638152156,Active,0,1,USSD,1,7,0,14,3,On-time,4,1117.530037196628,0
SMB15565873,Chukwu,37,Female,Single,None,Decreasing,Active,3,40415.42589884489,Dormant,1,1,None,1,2,2,4,1,Late,1,7901.579705694478,0
SMB15565874,Adekunle,29,Male,Single,Primary,Stable,Active,5,11147.15641949781,Active,1,0,None,0,4,2,2,8,On-time,2,795.1718452462597,0
SMB15565875,Sule,64,Female,Married,Primary,Stable,Cleared,5,17459.778410227787,Active,0,1,USSD,1,4,1,1,2,On-time,2,199.9268621719208,1
SMB15565876,Onuoha,18,Male,Single,Secondary,Decreasing,Active,6,7577.682535593434,Active,0,1,USSD,0,1,0,14,5,Late,3,7696.581966118765,1
SMB15565877,Chukwu,31,Female,Single,Secondary,Stable,Cleared,2,4634.458883961197,Dormant,1,1,None,0,8,0,7,4,Late,1,5483.574244356758,0
SMB15565878,Adebayo,81,Male,Single,Secondary,Stable,Cleared,6,49616.41400797206,Active,0,1,USSD,1,3,4,11,1,Late,3,6985.914185865233,0
SMB15565879,Adekunle,55,Female,Married,Secondary,Stable,Cleared,4,33124.10361099712,Dormant,1,1,USSD,0,8,0,1,0,Late,1,3827.473242075987,0
SMB15565880,Olawale,54,Male,Divorced,Tertiary,Decreasing,Cleared,3,27562.728950717617,Active,1,0,None,1,8,1,13,8,On-time,2,110.92493524492485,1
SMB15565881,Abdullahi,28,Female,Married,Primary,Increasing,Cleared,4,38509.42651985968,Active,0,0,USSD,0,1,0,7,2,On-time,3,3310.1534913102537,0
SMB15565882,Sule,20,Male,Divorced,Secondary,Increasing,Active,2,42163.78082469848,Dormant,1,1,App,1,8,3,4,6,Late,1,6081.352329231427,1
SMB15565883,Onuoha,50,Female,Single,Tertiary,Stable,Cleared,6,40529.023634191646,Active,1,1,USSD,0,8,3,7,8,On-time,2,2257.0307047010974,0
SMB15565884,Abdullahi,23,Female,Married,Tertiary,Increasing,Cleared,8,1810.4330152039538,Dormant,1,1,App,0,1,1,4,8,Late,2,6878.043336329313,0
SMB15565885,Nwachukwu,67,Male,Single,Tertiary,Increasing,Cleared,5,10153.587011334426,Active,0,1,USSD,1,5,4,0,9,On-time,0,7944.01009891945,0
SMB15565886,Eze,27,Male,Married,Primary,Stable,Active,6,33090.359803773725,Active,1,1,USSD,0,8,2,11,5,On-time,3,4542.669983655592,1
SMB15565887,Sule,22,Male,Divorced,None,Stable,Cleared,5,19412.208042394184,Active,0,1,USSD,1,3,0,12,7,Late,0,8757.212980691675,0
SMB15565888,Sule,40,Female,Married,Primary,Stable,Cleared,5,49141.64990199424,Dormant,1,1,USSD,1,1,4,10,8,On-time,2,8548.165645691179,1
SMB15565889,Olawale,27,Female,Single,Secondary,Decreasing,Cleared,6,33604.83483927445,Active,1,1,USSD,1,6,4,13,2,Late,3,8780.579527918337,1
SMB15565890,Olawale,61,Male,Married,Primary,Increasing,Defaulted,4,47870.89652773112,Dormant,0,1,USSD,1,8,0,10,5,On-time,3,6610.37032656835,1
SMB15565891,Yusuf,19,Male,Single,Primary,Decreasing,Active,4,10870.877600643897,Active,1,1,USSD,0,5,2,1,4,Late,4,3047.889996735799,0
SMB15565892,Adesina,30,Male,Married,Tertiary,Stable,Active,5,43333.89437763613,Active,1,0,None,1,3,0,13,6,On-time,1,4812.51282371572,0
SMB15565893,Chukwu,57,Female,Married,Primary,Increasing,Cleared,5,16746.262984946043,Active,1,0,App,0,0,2,5,6,On-time,4,7105.1064953109135,0
SMB15565894,Sule,19,Male,Married,Tertiary,Increasing,Cleared,4,49488.67560365253,Dormant,1,1,USSD,0,3,1,2,8,On-time,4,2105.636532625728,0
SMB15565895,Abdullahi,82,Female,Married,Primary,Increasing,Defaulted,4,8726.744931584217,Dormant,0,1,USSD,0,2,2,7,0,On-time,2,7388.435092545264,1
SMB15565896,Adebayo,80,Male,Married,Primary,Decreasing,Active,7,26300.651123078,Dormant,0,1,USSD,1,6,4,4,5,Late,1,5480.886170930403,0
SMB15565897,Bello,90,Female,Single,Primary,Stable,Defaulted,5,39849.382158018976,Active,0,1,App,1,9,1,2,4,On-time,4,960.1744028356329,0
SMB15565898,Adesina,34,Male,Married,Secondary,Stable,Defaulted,4,22199.481549597756,Active,0,0,USSD,1,4,3,11,3,On-time,4,5572.863270001672,0
SMB15565899,Bello,26,Male,Single,None,Increasing,Cleared,3,23936.11894919469,Active,1,0,USSD,1,2,1,9,9,On-time,3,667.761382124833,1
SMB15565900,Onuoha,32,Female,Married,None,Increasing,Cleared,9,49331.43397978131,Dormant,1,1,Both,1,1,2,6,0,On-time,2,143.07285046622042,0
SMB15565901,Adekunle,41,Female,Married,Tertiary,Increasing,Active,6,21840.099364756512,Active,1,1,App,1,1,1,13,3,On-time,4,8896.276699072845,0
SMB15565902,Abdullahi,55,Female,Married,None,Stable,Defaulted,6,30599.532929354114,Active,1,1,None,0,4,1,7,9,On-time,1,4899.1611160449465,1
SMB15565903,Abdullahi,52,Male,Married,Secondary,Increasing,Active,4,3672.4433730823844,Active,1,0,None,1,7,3,3,6,On-time,0,5432.896550403248,0
SMB15565904,Adesina,66,Male,Married,Secondary,Stable,Cleared,7,42268.29393030274,Active,1,1,App,1,7,2,12,3,Late,0,2799.377716302669,1
SMB15565905,Sule,86,Female,Single,Primary,Stable,Active,6,32760.234399997633,Active,1,1,App,0,4,4,12,0,On-time,2,5427.447194574935,0
SMB15565906,Nwachukwu,79,Female,Married,Secondary,Increasing,Defaulted,6,20796.985040277865,Dormant,0,1,USSD,1,1,1,10,9,Late,0,1688.6869214973276,0
SMB15565907,Adesina,77,Male,Single,Primary,Increasing,Active,2,1792.3074577714679,Active,1,1,USSD,0,3,0,8,0,On-time,3,7456.457973845251,0
SMB15565908,Bello,67,Male,Married,Secondary,Stable,Cleared,6,29991.77220908169,Dormant,0,0,USSD,1,6,4,5,0,On-time,3,8233.491604038856,0
SMB15565909,Adesina,26,Male,Single,Primary,Stable,Cleared,4,1620.2335957239475,Dormant,0,1,USSD,1,5,1,13,9,On-time,1,8558.757799192603,0
SMB15565910,Abdullahi,51,Female,Single,Secondary,Stable,Cleared,7,1058.9770815418776,Active,0,1,USSD,1,9,4,0,4,On-time,2,1066.5271742793004,0
SMB15565911,Nwachukwu,52,Male,Married,None,Stable,Active,8,31188.82954531838,Active,1,1,None,1,6,0,4,6,On-time,2,5577.544003447929,1
SMB15565912,Chukwu,18,Male,Single,Secondary,Increasing,Active,6,10261.836299393159,Active,1,1,Both,1,4,4,4,8,Late,0,8087.509698440328,1
SMB15565913,Okonkwo,57,Male,Married,None,Decreasing,Active,3,10402.48993618667,Dormant,1,0,App,1,1,4,6,7,On-time,4,1282.164882123883,0
SMB15565914,Yusuf,81,Male,Single,Primary,Stable,Cleared,4,33010.30672580445,Active,1,1,USSD,0,7,0,6,1,Late,4,995.2240817407665,0
SMB15565915,Okafor,39,Male,Single,Primary,Increasing,Active,5,3631.16220902934,Active,0,1,USSD,0,1,0,5,8,On-time,4,8169.419986700209,0
SMB15565916,Olawale,77,Male,Married,None,Decreasing,Defaulted,3,16356.872512253261,Active,1,0,None,1,7,0,14,3,On-time,1,7967.360388912227,0
SMB15565917,Adesina,81,Male,Single,Tertiary,Decreasing,Cleared,5,8322.163204958935,Active,1,0,USSD,1,6,3,14,9,On-time,2,4486.931369634679,0
SMB15565918,Onuoha,89,Female,Single,Primary,Stable,Cleared,8,29428.64212003016,Active,0,1,USSD,1,2,0,7,4,Late,0,1097.1116886006482,1
SMB15565919,Eze,28,Male,Married,Tertiary,Decreasing,Defaulted,8,33426.49258164239,Active,1,0,USSD,0,3,4,1,4,On-time,1,5161.231573169517,0
SMB15565920,Adekunle,31,Male,Single,Tertiary,Stable,Defaulted,5,36335.65682635313,Dormant,0,1,USSD,1,6,0,13,3,Late,3,3948.032000046662,0
SMB15565921,Okonkwo,77,Female,Married,Secondary,Stable,Active,5,13506.329629009706,Dormant,1,1,USSD,1,3,1,12,5,On-time,3,5185.474310440127,0
SMB15565922,Yusuf,47,Female,Single,None,Stable,Cleared,8,5373.237830192616,Active,0,1,App,0,8,0,12,0,On-time,3,4398.952020255826,0
SMB15565923,Yusuf,52,Male,Single,Primary,Stable,Cleared,5,4855.499190152994,Active,0,1,None,1,6,0,6,1,On-time,2,5685.1441339088915,0
SMB15565924,Yusuf,54,Male,Married,Secondary,Stable,Active,4,21881.425874085464,Dormant,1,0,USSD,1,0,2,9,3,Late,3,7271.2971851329385,0
SMB15565925,Yusuf,22,Male,Single,Primary,Stable,Defaulted,3,47346.37604407304,Active,0,0,App,1,0,4,14,3,Late,4,7748.599036508585,0
SMB15565926,Bello,43,Female,Single,None,Stable,Cleared,7,11668.722678104206,Dormant,0,1,USSD,1,3,4,6,7,On-time,3,6489.821982378441,0
SMB15565927,Onuoha,79,Female,Single,Secondary,Decreasing,Cleared,4,13580.338465735917,Active,1,1,USSD,0,8,1,3,8,Late,1,1989.4061504639271,0
SMB15565928,Onuoha,21,Female,Single,Tertiary,Decreasing,Active,4,5943.551303187088,Dormant,0,1,USSD,1,3,3,11,3,On-time,3,3971.230256051191,0
SMB15565929,Nwachukwu,59,Female,Married,Secondary,Stable,Defaulted,5,30672.94342080258,Active,1,1,Both,1,4,2,9,5,Late,4,712.2402873572164,1
SMB15565930,Olawale,35,Female,Single,None,Decreasing,Active,3,34313.77082341157,Active,1,0,None,0,0,1,1,3,Late,3,4516.737280751715,0
SMB15565931,Abdullahi,57,Male,Married,Secondary,Decreasing,Active,5,32503.62919987724,Dormant,1,0,USSD,1,1,1,3,3,Late,0,9703.394127248512,0
SMB15565932,Yusuf,89,Male,Married,Primary,Increasing,Cleared,4,43195.38190919428,Active,1,1,None,1,3,4,3,8,Late,4,6417.307075910107,0
SMB15565933,Eze,56,Female,Married,Primary,Stable,Cleared,6,24834.865916277515,Active,0,1,None,0,3,2,11,3,On-time,2,1546.125146634969,0
SMB15565934,Abdullahi,31,Female,Divorced,Tertiary,Increasing,Cleared,5,7588.394997586158,Active,0,1,USSD,0,9,4,11,5,On-time,3,2685.776597754326,0
SMB15565935,Onuoha,49,Male,Single,Primary,Decreasing,Active,5,15180.85140451622,Dormant,1,0,None,0,5,3,5,8,On-time,1,645.7364630254681,0
SMB15565936,Adebayo,68,Female,Divorced,Primary,Increasing,Cleared,2,33459.06869764624,Active,1,0,Both,1,5,4,13,2,On-time,3,1824.1389015196596,0
SMB15565937,Adebayo,55,Male,Single,None,Stable,Defaulted,5,31042.976713336433,Dormant,0,1,Both,1,7,0,6,6,On-time,1,4878.416434777778,1
SMB15565938,Eze,40,Male,Married,Tertiary,Increasing,Active,3,27019.15335740516,Active,1,1,USSD,0,8,4,2,6,On-time,0,3448.563814286327,0
SMB15565939,Nwachukwu,80,Male,Married,Secondary,Increasing,Defaulted,3,34465.25651574567,Active,1,1,USSD,0,0,0,14,0,On-time,2,2039.6231730876668,0
SMB15565940,Onuoha,32,Male,Single,Secondary,Increasing,Active,5,32232.151668291666,Dormant,1,1,USSD,0,0,1,9,1,On-time,4,1465.9841356285608,0
SMB15565941,Eze,42,Female,Married,Secondary,Stable,Cleared,4,44184.919583782634,Active,1,1,App,1,5,3,0,4,On-time,4,6560.71116977206,0
SMB15565942,Bello,34,Male,Married,None,Stable,Defaulted,3,29714.802496436532,Active,0,1,USSD,1,3,0,2,7,On-time,2,5581.023768728512,0
SMB15565943,Adesina,83,Female,Single,Primary,Decreasing,Active,4,39151.466576327264,Active,1,1,None,1,3,3,8,5,Late,0,8426.403122148678,1
SMB15565944,Eze,70,Female,Single,Primary,Decreasing,Active,2,13186.650642356924,Active,0,0,App,1,0,4,0,6,On-time,0,1832.5288572775344,0
SMB15565945,Chukwu,68,Female,Married,None,Stable,Active,6,34230.94664486433,Dormant,1,1,App,1,8,4,12,2,Late,3,8479.854599282462,1
SMB15565946,Abdullahi,56,Male,Married,Primary,Decreasing,Active,7,45207.51180075111,Active,1,0,USSD,0,2,1,7,5,On-time,0,5779.111725598561,0
SMB15565947,Okonkwo,68,Male,Divorced,Tertiary,Stable,Defaulted,3,19900.88406709183,Active,1,0,Both,1,4,4,1,8,On-time,3,2662.231939797156,0
SMB15565948,Ibrahim,87,Male,Married,None,Increasing,Cleared,5,39176.10517959369,Active,0,0,Both,1,9,0,5,2,On-time,1,2735.531405685112,0
SMB15565949,Nwachukwu,23,Female,Divorced,Primary,Increasing,Active,4,36514.67575857633,Active,1,1,USSD,1,0,1,2,5,On-time,2,3903.803901438524,0
SMB15565950,Eze,84,Female,Married,Primary,Decreasing,Active,6,3916.7836467193015,Active,1,1,USSD,1,7,3,6,6,On-time,1,4601.272166667943,0
SMB15565951,Onuoha,24,Male,Single,Primary,Decreasing,Defaulted,6,29493.907171579544,Dormant,1,0,Both,1,2,1,1,4,On-time,1,825.0508473688267,0
SMB15565952,Adekunle,68,Female,Single,Tertiary,Stable,Cleared,2,7379.2781108393165,Dormant,1,1,USSD,1,0,3,3,9,On-time,1,8419.99165666328,0
SMB15565953,Adebayo,89,Male,Married,Primary,Decreasing,Active,2,48398.63943929897,Active,0,1,USSD,1,9,2,9,7,On-time,1,1215.4106932419406,0
SMB15565954,Chukwu,59,Female,Married,Primary,Stable,Active,5,40758.967632332155,Active,1,1,None,1,5,0,8,7,Late,4,4834.598430298816,1
SMB15565955,Olawale,81,Male,Single,Secondary,Increasing,Defaulted,2,6376.466261108885,Dormant,1,1,App,1,0,0,5,5,On-time,0,3829.6823319092177,1
SMB15565956,Yusuf,32,Female,Single,None,Increasing,Active,7,6965.847884736242,Active,1,0,App,0,2,3,3,6,On-time,2,5122.870843119428,0
SMB15565957,Ibrahim,46,Male,Divorced,Primary,Increasing,Active,4,30129.21889071833,Active,0,0,None,0,4,4,1,2,On-time,2,8874.825170681721,0
SMB15565958,Sule,50,Female,Married,Primary,Stable,Cleared,5,17899.56953448598,Dormant,0,1,Both,1,3,4,9,6,On-time,1,9890.883398561062,0
SMB15565959,Nwachukwu,44,Female,Married,Secondary,Decreasing,Cleared,7,2710.3870945823546,Active,1,1,App,0,6,2,13,6,Late,2,202.7137268275836,0
SMB15565960,Okonkwo,53,Female,Married,Tertiary,Stable,Defaulted,5,27540.4338838196,Active,1,1,App,0,5,3,8,3,On-time,3,3932.3943172519416,0
SMB15565961,Ibrahim,46,Male,Single,Secondary,Stable,Cleared,7,20004.4098846065,Dormant,0,1,None,0,2,2,14,9,On-time,2,8176.105309172435,0
SMB15565962,Eze,55,Male,Single,Primary,Increasing,Cleared,1,5952.74812621539,Dormant,0,1,USSD,1,7,3,3,3,On-time,1,3266.0288026197704,0
SMB15565963,Bello,74,Male,Single,Tertiary,Stable,Active,3,40294.099220543154,Active,1,1,USSD,1,7,2,8,2,On-time,2,6490.361759185217,0
SMB15565964,Adebayo,44,Male,Single,None,Decreasing,Active,4,45838.76149866149,Active,0,1,USSD,0,1,3,13,9,On-time,0,9922.592037664605,0
SMB15565965,Onuoha,72,Male,Married,None,Stable,Active,9,38073.10276669237,Active,1,0,USSD,0,6,0,1,6,Late,1,6467.712888159438,0
SMB15565966,Adebayo,50,Female,Married,Primary,Stable,Active,4,41298.69319079759,Dormant,1,1,App,1,0,2,6,4,On-time,4,1111.913776232689,0
SMB15565967,Olawale,85,Female,Married,Primary,Decreasing,Cleared,5,11608.03779603975,Active,1,0,USSD,0,1,2,10,2,On-time,0,8429.319569539855,1
SMB15565968,Bello,83,Male,Married,Secondary,Increasing,Cleared,6,13915.074595011449,Active,0,0,App,0,7,3,10,5,On-time,2,9666.574372925295,1
SMB15565969,Yusuf,27,Male,Single,Secondary,Stable,Cleared,6,11217.8494746602,Dormant,1,0,None,1,0,1,4,5,On-time,4,7125.084212988676,1
SMB15565970,Onuoha,22,Male,Married,Tertiary,Increasing,Cleared,3,38488.10813691263,Active,0,1,USSD,1,1,1,7,5,On-time,0,4190.680998430703,0
SMB15565971,Abdullahi,91,Female,Married,Secondary,Increasing,Active,3,47447.936867790355,Active,1,0,None,0,0,0,10,1,On-time,3,9484.001753454244,1
SMB15565972,Okafor,55,Male,Married,Secondary,Increasing,Active,5,36125.02312996123,Active,0,0,USSD,1,4,4,13,9,On-time,0,9685.720150491983,0
SMB15565973,Chukwu,30,Female,Single,None,Stable,Cleared,7,44191.87147909824,Active,1,1,USSD,0,6,4,7,6,On-time,4,9351.167434991574,0
SMB15565974,Adebayo,48,Male,Married,None,Decreasing,Defaulted,6,32296.255649275456,Active,1,1,App,1,5,0,13,6,On-time,3,4118.190023100806,0
SMB15565975,Adekunle,64,Female,Married,Secondary,Decreasing,Cleared,6,19995.335127381153,Dormant,1,1,USSD,0,5,4,13,9,On-time,2,7897.0767396884685,0
SMB15565976,Adebayo,69,Female,Single,Primary,Increasing,Cleared,4,21862.319131584954,Dormant,1,1,USSD,0,5,3,3,3,On-time,1,6541.7935903406,1
SMB15565977,Ibrahim,73,Male,Single,Tertiary,Stable,Cleared,7,4690.750176202837,Active,1,0,USSD,1,7,1,12,5,On-time,2,1797.0666588558681,1
SMB15565978,Adebayo,32,Female,Married,None,Decreasing,Cleared,4,2541.4025670552783,Active,1,0,None,1,4,0,3,3,On-time,1,5355.14901677154,1
SMB15565979,Nwachukwu,46,Male,Married,None,Increasing,Active,8,35078.30460526479,Active,1,0,None,0,9,3,14,3,On-time,1,7476.91009128637,0
SMB15565980,Adebayo,25,Female,Single,Primary,Increasing,Cleared,5,22483.01570854785,Active,1,1,USSD,0,6,0,7,5,Late,4,8959.122759653093,0
SMB15565981,Okafor,22,Male,Married,Primary,Stable,Cleared,5,28058.538334676847,Active,0,1,USSD,1,2,1,2,8,Late,3,8625.983704065535,0
SMB15565982,Okafor,46,Female,Single,None,Decreasing,Active,4,28325.4011334984,Dormant,1,0,App,1,8,4,6,6,Late,3,1546.585001854821,0
SMB15565983,Yusuf,64,Female,Married,Secondary,Increasing,Cleared,5,14591.41485333177,Active,0,1,USSD,0,9,3,7,1,Late,0,4880.332464852108,1
SMB15565984,Okonkwo,85,Female,Single,None,Stable,Active,2,24318.733030645042,Active,0,1,App,1,2,1,7,5,Late,2,4782.68629460785,0
SMB15565985,Abdullahi,62,Female,Married,Secondary,Stable,Cleared,3,24067.25086171741,Active,0,1,USSD,0,5,0,10,4,Late,4,8987.370618979223,0
SMB15565986,Adekunle,19,Male,Single,Primary,Decreasing,Active,7,20032.933840164995,Active,0,1,Both,1,2,2,9,5,Late,2,19.373091368668494,1
SMB15565987,Adebayo,44,Male,Single,None,Stable,Defaulted,5,41213.093786652455,Active,1,0,USSD,0,0,3,3,7,Late,0,7387.135376269276,0
SMB15565988,Adebayo,53,Male,Single,Primary,Decreasing,Active,6,23107.0361806922,Active,1,0,USSD,0,0,0,8,7,On-time,0,6186.415165462653,0
SMB15565989,Chukwu,53,Male,Single,Tertiary,Increasing,Cleared,7,30578.581700793402,Active,1,1,USSD,0,2,0,14,2,On-time,4,9215.714731765662,0
SMB15565990,Onuoha,43,Female,Married,Primary,Increasing,Active,2,44880.485898660474,Dormant,1,1,Both,0,3,1,9,8,Late,0,4569.17350331738,1
SMB15565991,Okafor,60,Male,Single,Secondary,Stable,Active,7,43445.447520087204,Active,1,1,USSD,0,1,0,3,5,On-time,4,6576.722498755006,1
SMB15565992,Adekunle,44,Female,Married,None,Stable,Defaulted,5,44630.687985179095,Active,1,1,USSD,0,8,3,7,6,Late,0,9727.470304215423,0
SMB15565993,Yusuf,86,Female,Single,Secondary,Decreasing,Cleared,5,14230.244826785685,Active,0,1,USSD,0,7,3,5,8,On-time,3,7439.037629159087,0
SMB15565994,Olawale,37,Female,Single,Primary,Stable,Active,7,2714.1419270950787,Dormant,1,1,USSD,0,2,0,4,6,On-time,4,673.8397412976738,1
SMB15565995,Okonkwo,28,Male,Single,Secondary,Increasing,Active,6,13792.273194871132,Active,1,0,USSD,1,6,1,14,9,Late,3,1675.3355097267454,0
SMB15565996,Abdullahi,91,Female,Single,Secondary,Stable,Cleared,5,14656.659935414724,Active,1,1,None,0,3,3,3,8,Late,3,8214.51102959748,0
SMB15565997,Bello,55,Female,Single,Tertiary,Stable,Defaulted,0,45558.65600952343,Active,1,1,USSD,1,4,2,4,0,On-time,4,3347.9554097365894,0
SMB15565998,Abdullahi,23,Male,Married,Primary,Stable,Cleared,7,32812.893909060556,Dormant,1,1,USSD,0,3,4,14,0,Late,2,7059.18110598275,1
SMB15565999,Nwachukwu,89,Female,Married,None,Increasing,Active,5,5003.49402050921,Active,0,1,None,0,8,1,12,2,Late,1,6998.23733343828,1
SMB15566000,Ibrahim,40,Female,Married,None,Decreasing,Cleared,5,7633.5512045439555,Active,0,1,USSD,1,6,1,14,8,On-time,0,9937.00523388205,0
SMB15566001,Nwachukwu,64,Male,Married,Tertiary,Stable,Active,6,8628.130151556794,Active,1,1,None,1,3,4,10,0,On-time,0,4698.727236363408,1
SMB15566002,Adebayo,63,Male,Married,Secondary,Stable,Active,8,31890.665660277235,Active,1,1,Both,0,7,4,0,0,On-time,2,7378.323605059231,1
SMB15566003,Sule,29,Male,Single,Secondary,Stable,Cleared,4,37035.28724984315,Active,1,1,USSD,0,1,3,6,4,On-time,1,487.52877286102336,1
SMB15566004,Okonkwo,30,Male,Married,Primary,Increasing,Defaulted,6,43122.55161770441,Active,0,1,App,1,6,0,7,7,On-time,2,4625.910206930886,0
SMB15566005,Ibrahim,79,Male,Divorced,Primary,Stable,Cleared,4,47091.190989505914,Dormant,0,1,USSD,1,0,0,11,1,On-time,1,1866.8154481713095,0
SMB15566006,Adekunle,77,Male,Married,None,Decreasing,Active,1,10883.523311935647,Dormant,1,1,Both,1,7,2,8,3,On-time,4,8405.715517131768,1
SMB15566007,Bello,60,Male,Married,Tertiary,Increasing,Defaulted,3,16178.851751478403,Active,1,1,USSD,0,5,0,12,5,Late,4,8399.08332016071,0
SMB15566008,Okafor,85,Male,Single,Secondary,Increasing,Defaulted,4,12775.821156496702,Active,1,1,USSD,0,4,2,2,0,On-time,3,2363.644207056953,0
SMB15566009,Okonkwo,22,Female,Married,Tertiary,Stable,Cleared,5,18579.31680584075,Active,0,1,USSD,1,8,2,14,3,On-time,3,3182.851531164682,1
SMB15566010,Okonkwo,54,Male,Married,Primary,Decreasing,Active,4,45818.59026376372,Active,0,1,App,1,8,1,8,3,On-time,4,7024.777844603522,0
SMB15566011,Nwachukwu,89,Female,Married,Secondary,Stable,Active,5,29180.515780028716,Dormant,1,1,USSD,1,2,1,9,8,Late,3,7382.659234122671,0
SMB15566012,Sule,48,Male,Divorced,Secondary,Stable,Active,2,37171.40296890045,Dormant,0,0,USSD,1,8,3,4,8,Late,4,6576.316021143738,0
SMB15566013,Adebayo,26,Male,Single,Primary,Increasing,Defaulted,2,25015.842570212317,Active,1,1,None,1,8,4,9,5,On-time,2,9966.946375261612,1
SMB15566014,Eze,68,Male,Single,Tertiary,Increasing,Active,5,2414.037753470102,Active,1,1,USSD,0,1,4,5,7,Late,0,8686.83211985112,0
SMB15566015,Yusuf,46,Male,Married,Tertiary,Stable,Cleared,5,4145.578813892902,Active,0,1,USSD,0,4,2,0,9,Late,4,4170.588807525225,0
SMB15566016,Nwachukwu,57,Male,Married,Tertiary,Stable,Active,5,27358.228532126403,Dormant,1,1,None,1,1,4,8,3,Late,4,3269.7672154188363,1
SMB15566017,Okonkwo,58,Female,Single,Secondary,Increasing,Cleared,6,36220.662706181254,Dormant,1,1,USSD,0,0,2,8,9,Late,4,5968.497479960804,0
SMB15566018,Adesina,28,Male,Single,Primary,Stable,Active,4,11551.195848907842,Dormant,0,0,USSD,0,6,4,5,7,On-time,3,8176.363358335038,0
SMB15566019,Chukwu,40,Female,Single,Primary,Decreasing,Cleared,9,36373.5691256229,Dormant,0,1,App,0,3,3,7,2,On-time,3,4753.434737365528,0
SMB15566020,Bello,18,Female,Single,Tertiary,Increasing,Cleared,7,40722.622900692106,Active,1,0,None,0,4,1,3,1,On-time,3,7376.926068316395,0
SMB15566021,Yusuf,63,Male,Married,None,Stable,Active,2,21182.97643974345,Dormant,1,1,USSD,0,3,1,4,5,On-time,3,191.60039506042392,0
SMB15566022,Nwachukwu,38,Male,Married,Secondary,Stable,Cleared,3,37574.542409361144,Dormant,1,1,App,1,5,2,4,4,On-time,2,9258.401082981041,0
SMB15566023,Bello,53,Female,Single,Secondary,Stable,Defaulted,4,20797.467566094536,Active,1,1,USSD,0,1,4,6,7,Late,4,7738.347275154524,1
SMB15566024,Chukwu,71,Male,Single,Secondary,Increasing,Cleared,6,34239.18084329598,Active,1,1,USSD,1,7,0,6,0,On-time,2,3941.900867641329,0
SMB15566025,Olawale,74,Male,Single,Tertiary,Increasing,Cleared,7,38435.85541665761,Dormant,1,1,App,0,3,3,6,9,Late,3,3840.123255192921,0
SMB15566026,Chukwu,18,Female,Single,Primary,Stable,Active,4,49604.404297097426,Active,1,0,USSD,0,7,4,4,2,On-time,2,1028.8680774850534,0
SMB15566027,Sule,80,Male,Married,Primary,Increasing,Active,5,17924.43644111621,Dormant,1,0,USSD,1,2,0,3,6,On-time,4,8161.537238825284,0
SMB15566028,Chukwu,71,Female,Divorced,None,Decreasing,Active,5,21140.99824815596,Dormant,0,1,Both,1,4,3,7,9,On-time,4,7686.295092571844,1
SMB15566029,Bello,72,Female,Married,Primary,Stable,Active,3,9115.382911098395,Dormant,1,1,Both,0,2,3,0,3,On-time,3,6302.497075356163,0
SMB15566030,Abdullahi,57,Male,Single,Primary,Decreasing,Active,3,10999.579861688539,Dormant,1,1,USSD,1,6,1,0,9,Late,4,1014.5647214403452,1
SMB15566031,Bello,32,Male,Married,Primary,Stable,Active,7,34976.35512732051,Active,1,0,None,0,2,2,5,4,Late,2,2623.413656370708,0
SMB15566032,Eze,38,Male,Married,Tertiary,Stable,Defaulted,3,45935.23391756933,Dormant,1,0,USSD,1,7,4,1,7,On-time,1,4589.144732646183,0
SMB15566033,Adebayo,64,Male,Married,Tertiary,Stable,Cleared,8,20335.642631400788,Active,0,0,None,0,8,3,11,0,Late,4,2659.7194376422594,0
SMB15566034,Ibrahim,90,Male,Married,None,Stable,Active,8,9812.377894941521,Active,1,0,None,0,1,4,2,0,Late,2,4339.739231529036,0
SMB15566035,Abdullahi,70,Female,Single,Primary,Stable,Active,5,14969.875469766708,Active,0,1,USSD,1,2,3,3,6,On-time,2,2259.5754063765226,0
SMB15566036,Okafor,26,Male,Single,Tertiary,Stable,Cleared,5,23297.53353559879,Active,1,0,Both,1,6,1,13,8,On-time,2,3496.005038060167,0
SMB15566037,Ibrahim,91,Male,Single,None,Decreasing,Active,3,15241.866138903051,Active,1,1,App,0,4,2,1,3,On-time,4,6522.968835966276,0
SMB15566038,Adebayo,69,Female,Single,None,Decreasing,Active,3,12445.375072971447,Dormant,1,0,USSD,1,9,0,9,7,On-time,1,8923.610807796951,0
SMB15566039,Nwachukwu,74,Female,Single,None,Increasing,Active,6,37063.2399490969,Active,1,1,USSD,0,6,0,6,9,Late,3,3850.3068123282524,0
SMB15566040,Yusuf,43,Female,Married,Secondary,Stable,Cleared,5,1384.4011407905364,Active,1,1,None,1,1,1,14,6,On-time,3,6919.082311607575,0
SMB15566041,Eze,58,Male,Married,None,Stable,Cleared,4,27422.295839487673,Active,0,0,USSD,0,3,3,9,1,On-time,4,1347.930863825203,0
SMB15566042,Eze,52,Female,Married,Tertiary,Stable,Active,6,39894.57354445794,Active,1,1,None,1,0,1,0,4,On-time,4,5408.179778557615,0
SMB15566043,Okafor,80,Male,Single,Primary,Increasing,Cleared,3,14045.186029555942,Dormant,1,1,App,0,4,2,2,8,Late,0,9217.042255545135,0
SMB15566044,Abdullahi,42,Male,Divorced,Secondary,Decreasing,Defaulted,12,30561.28401998885,Active,1,0,None,0,7,0,1,8,Late,1,279.35804457383415,0
SMB15566045,Sule,55,Male,Divorced,Primary,Stable,Cleared,1,33776.105175312274,Dormant,0,1,App,1,0,4,12,2,On-time,2,2675.5736172680854,0
SMB15566046,Onuoha,19,Female,Married,Primary,Stable,Cleared,6,33096.21012384941,Dormant,1,1,USSD,1,6,0,8,2,On-time,2,1324.9353368014426,0
SMB15566047,Olawale,24,Male,Divorced,Secondary,Increasing,Cleared,1,22846.63207573717,Active,0,1,USSD,1,6,2,7,1,On-time,3,5331.214794964148,0
SMB15566048,Chukwu,51,Male,Married,Secondary,Stable,Active,6,17982.321405913182,Dormant,1,1,None,0,6,3,2,6,Late,4,6796.424640713253,0
SMB15566049,Abdullahi,34,Male,Divorced,Secondary,Stable,Active,1,41960.27957836286,Active,0,1,USSD,1,0,1,4,5,On-time,1,577.7919206310933,0
SMB15566050,Yusuf,60,Male,Single,Secondary,Increasing,Defaulted,4,38163.85189299335,Active,1,0,Both,1,2,0,2,4,Late,3,702.844206405513,0
SMB15566051,Olawale,76,Female,Single,Tertiary,Increasing,Cleared,3,16741.503497281716,Dormant,1,1,App,1,1,0,13,6,Late,1,8696.291927489054,0
SMB15566052,Eze,68,Female,Single,Tertiary,Stable,Defaulted,3,6047.940527668098,Dormant,0,0,USSD,1,4,4,10,3,On-time,4,4562.331485675083,0
SMB15566053,Bello,71,Female,Single,Secondary,Stable,Cleared,5,4518.569726827991,Active,1,1,USSD,0,1,1,12,4,On-time,2,4629.515996386478,0
SMB15566054,Yusuf,41,Male,Single,None,Decreasing,Cleared,5,5619.522917047866,Active,1,1,USSD,1,4,4,11,8,On-time,0,9445.803949581168,0
SMB15566055,Adebayo,42,Male,Married,None,Stable,Active,5,29560.598698410096,Active,0,0,Both,1,4,4,10,8,On-time,1,3202.096102649318,0
SMB15566056,Okafor,88,Male,Married,Primary,Stable,Cleared,9,3531.446615620495,Active,1,1,App,0,3,3,11,3,On-time,2,8970.236470327904,1
SMB15566057,Adebayo,69,Male,Married,Secondary,Stable,Cleared,3,17509.416873237882,Dormant,0,1,USSD,1,6,0,10,5,On-time,1,9742.547445762635,0
SMB15566058,Onuoha,87,Male,Single,Primary,Stable,Cleared,3,37906.78539379724,Active,0,1,USSD,1,9,1,5,1,On-time,1,2416.941976504303,1
SMB15566059,Yusuf,50,Female,Married,Primary,Stable,Cleared,6,15423.060159253526,Active,0,1,USSD,1,5,3,4,2,On-time,1,5140.388492125429,0
SMB15566060,Adekunle,66,Male,Married,Tertiary,Decreasing,Cleared,6,38402.09578182636,Dormant,1,1,USSD,0,1,3,10,8,Late,4,5343.561529002584,0
SMB15566061,Adekunle,46,Male,Single,Tertiary,Stable,Active,3,37527.88487214571,Active,1,1,None,1,3,3,1,5,On-time,3,8661.681117920638,0
SMB15566062,Nwachukwu,80,Male,Married,Tertiary,Stable,Cleared,7,13045.5294990276,Active,1,1,USSD,0,6,2,13,7,On-time,1,3039.081363818216,0
SMB15566063,Abdullahi,39,Male,Single,Primary,Increasing,Active,4,36712.28682454453,Dormant,1,1,Both,1,8,2,9,4,Late,4,7980.424433534148,0
SMB15566064,Eze,43,Male,Single,Secondary,Increasing,Cleared,1,37641.05527533293,Dormant,0,0,USSD,1,8,3,7,1,On-time,0,9710.073912780117,0
SMB15566065,Eze,45,Female,Divorced,Primary,Decreasing,Cleared,7,20475.242357684318,Dormant,1,0,None,1,2,2,5,6,Late,3,8403.366527442993,0
SMB15566066,Chukwu,66,Female,Single,None,Decreasing,Active,7,11310.603703334393,Active,0,1,App,0,0,1,13,5,Late,4,9091.402834567174,1
SMB15566067,Chukwu,88,Female,Married,None,Stable,Cleared,2,26542.269537701588,Dormant,1,1,USSD,1,8,0,14,1,On-time,0,7083.544391429696,0
SMB15566068,Chukwu,66,Male,Married,Primary,Increasing,Defaulted,5,46148.48181200962,Active,0,1,USSD,1,7,1,2,5,On-time,3,9039.557602771736,0
SMB15566069,Bello,37,Male,Married,Primary,Stable,Defaulted,6,32341.219889171036,Active,0,1,USSD,0,6,0,12,7,On-time,4,1648.5063535232737,1
SMB15566070,Ibrahim,80,Male,Single,Tertiary,Decreasing,Active,9,9473.2023837358,Dormant,1,0,USSD,1,5,2,14,0,On-time,0,7123.61415041626,0
SMB15566071,Okonkwo,78,Male,Single,None,Stable,Cleared,3,34455.08931194247,Active,1,0,USSD,1,9,1,12,3,On-time,4,7318.773549714761,1
SMB15566072,Ibrahim,66,Female,Single,Secondary,Decreasing,Cleared,4,21932.948336809895,Dormant,0,1,USSD,1,6,4,0,0,Late,0,4391.809464994206,0
SMB15566073,Adebayo,88,Male,Married,Secondary,Increasing,Cleared,10,29984.911070413276,Active,1,0,App,0,8,3,4,1,On-time,1,797.3846735791212,0
SMB15566074,Ibrahim,18,Male,Married,Primary,Stable,Active,4,36969.13771613229,Active,0,1,USSD,0,5,0,11,0,On-time,1,6224.437462608272,0
SMB15566075,Bello,30,Male,Single,Primary,Increasing,Cleared,4,26232.420224207795,Dormant,1,1,App,1,9,0,10,5,Late,3,518.8080657048066,0
SMB15566076,Nwachukwu,68,Male,Divorced,Primary,Decreasing,Cleared,4,40885.21475409212,Active,1,0,None,0,2,4,1,5,Late,0,3824.0249615654952,0
SMB15566077,Adebayo,73,Female,Married,Secondary,Decreasing,Active,7,36385.62338651476,Dormant,0,0,App,0,2,4,12,0,On-time,1,3936.7022897575166,0
SMB15566078,Ibrahim,79,Male,Single,Primary,Stable,Active,8,31138.593660907023,Active,0,1,USSD,1,3,3,1,3,On-time,3,9989.225084633328,0
SMB15566079,Bello,49,Male,Married,None,Increasing,Active,6,8388.847975785222,Dormant,0,1,USSD,0,9,2,8,3,On-time,2,2998.020337291105,0
SMB15566080,Okonkwo,47,Male,Married,None,Stable,Cleared,6,41961.506434666844,Active,0,1,USSD,1,9,1,10,7,Late,1,8204.539379236887,0
SMB15566081,Ibrahim,46,Male,Single,Secondary,Stable,Cleared,3,46859.373680670986,Active,0,1,USSD,1,7,1,12,5,On-time,1,531.716852183538,0
SMB15566082,Bello,66,Female,Single,Tertiary,Stable,Cleared,5,7711.291066655446,Active,1,1,None,1,9,1,14,1,Late,4,5297.659853858404,1
SMB15566083,Onuoha,62,Female,Married,Primary,Stable,Active,6,24923.815342238096,Dormant,1,0,App,1,8,2,9,4,On-time,2,5366.916785560121,0
SMB15566084,Chukwu,47,Female,Married,Secondary,Decreasing,Cleared,2,13685.54835655472,Dormant,0,0,None,0,7,3,6,3,Late,0,6287.498531944623,0
SMB15566085,Onuoha,33,Female,Married,Secondary,Stable,Active,8,37971.64206385267,Dormant,1,1,None,0,9,1,5,9,On-time,3,8100.052033899383,0
SMB15566086,Eze,57,Male,Married,Tertiary,Decreasing,Active,5,36359.8521642303,Active,1,0,USSD,1,1,0,14,3,Late,2,7619.23381723148,0
SMB15566087,Chukwu,36,Female,Single,Tertiary,Stable,Cleared,4,7903.370907949537,Active,1,0,App,0,3,0,12,7,Late,0,7610.081283323745,0
SMB15566088,Eze,35,Male,Single,Secondary,Stable,Active,4,43974.33629182022,Active,1,1,None,1,3,0,0,4,On-time,1,4322.939343242869,0
SMB15566089,Adesina,18,Male,Married,Secondary,Stable,Cleared,2,9867.680134922111,Active,1,1,Both,1,1,4,14,2,Late,3,7274.714824665264,0
SMB15566090,Okafor,64,Female,Single,Tertiary,Stable,Active,5,40065.69225675727,Active,1,0,Both,0,7,4,13,9,Late,3,4913.157177491215,0
SMB15566091,Onuoha,83,Male,Single,Primary,Stable,Cleared,5,23392.03762177224,Dormant,0,1,USSD,1,2,2,9,3,Late,2,669.5117834500219,0
SMB15566092,Okafor,55,Female,Married,Primary,Stable,Defaulted,4,17085.34238434941,Dormant,0,1,USSD,0,1,1,1,0,On-time,4,8901.81782611727,0
SMB15566093,Okafor,68,Male,Divorced,None,Increasing,Defaulted,2,8753.723871036462,Active,1,0,App,0,6,4,10,5,On-time,0,8901.633061387603,0
SMB15566094,Okonkwo,80,Female,Married,Tertiary,Stable,Active,4,9213.09855118484,Active,0,1,USSD,1,0,0,6,9,Late,2,3228.787646551393,0
SMB15566095,Chukwu,21,Female,Married,Tertiary,Stable,Active,4,33432.637180344114,Dormant,1,0,USSD,1,5,4,14,3,Late,4,9139.026192809402,0
SMB15566096,Adesina,18,Female,Single,None,Stable,Cleared,1,27971.089009408905,Active,0,1,Both,1,2,0,2,5,On-time,4,7579.840385050815,0
SMB15566097,Eze,25,Female,Divorced,Secondary,Decreasing,Active,8,6982.1856609104025,Active,1,0,Both,0,2,1,1,1,Late,4,4008.012308620231,0
SMB15566098,Bello,46,Female,Single,Primary,Decreasing,Cleared,4,6522.195161477935,Active,0,1,Both,0,4,2,5,4,On-time,3,3315.055984252535,0
SMB15566099,Adebayo,72,Male,Divorced,None,Stable,Cleared,10,4543.218163866782,Active,1,0,USSD,0,2,3,7,8,Late,0,9751.42699386101,0
SMB15566100,Bello,20,Male,Divorced,Tertiary,Stable,Active,6,37444.60002130366,Dormant,1,1,USSD,0,3,3,14,7,On-time,0,7126.269631113109,0
SMB15566101,Adebayo,49,Male,Married,Primary,Stable,Active,3,35882.22217623517,Active,0,1,USSD,0,2,0,7,2,On-time,2,3788.099547712002,0
SMB15566102,Onuoha,27,Female,Divorced,None,Decreasing,Cleared,6,3863.1185518741822,Active,0,1,USSD,1,6,4,10,0,On-time,1,6419.8388798080505,0
SMB15566103,Adekunle,91,Male,Married,Secondary,Stable,Cleared,4,28453.233704251674,Active,1,1,USSD,1,2,4,1,9,On-time,2,5715.261990373689,0
SMB15566104,Bello,51,Female,Single,Secondary,Stable,Cleared,3,5149.131606891805,Dormant,0,0,USSD,0,9,0,5,2,On-time,0,5245.400227039607,0
SMB15566105,Ibrahim,72,Male,Married,None,Stable,Defaulted,2,45283.54275983814,Active,0,1,USSD,0,3,1,11,7,On-time,3,6447.018988118438,0
SMB15566106,Ibrahim,49,Male,Married,Secondary,Stable,Cleared,3,45448.75353982649,Active,0,0,App,1,1,0,4,2,On-time,2,5376.263221803619,0
SMB15566107,Abdullahi,67,Female,Single,Secondary,Stable,Active,5,35213.41650084338,Dormant,1,1,App,1,1,1,6,4,On-time,1,6547.903536863806,0
SMB15566108,Chukwu,24,Male,Married,None,Increasing,Cleared,3,46383.25715053305,Dormant,1,0,App,1,8,2,3,1,Late,2,9075.68562223639,0
SMB15566109,Adebayo,25,Male,Divorced,None,Stable,Cleared,4,40761.198490270835,Dormant,1,1,None,0,0,2,11,0,On-time,4,9932.649681452718,1
SMB15566110,Adebayo,82,Male,Single,Secondary,Increasing,Active,3,41598.39022042542,Dormant,1,1,None,0,0,0,12,9,On-time,1,7092.868733480133,0
SMB15566111,Yusuf,74,Female,Married,Primary,Stable,Active,6,28915.68467792673,Active,1,1,App,1,9,2,1,4,On-time,4,9278.208017504327,0
SMB15566112,Nwachukwu,84,Female,Divorced,Tertiary,Stable,Active,5,15996.900712592618,Active,1,0,USSD,1,0,4,9,4,Late,3,8584.10253882954,0
SMB15566113,Chukwu,76,Male,Divorced,Tertiary,Decreasing,Active,5,11672.156640704658,Active,1,1,USSD,0,2,1,2,5,Late,0,2950.3739798127913,0
SMB15566114,Okonkwo,89,Male,Divorced,Tertiary,Stable,Cleared,4,17032.801079907527,Active,0,1,None,1,1,3,8,1,On-time,2,9329.079830430355,0
SMB15566115,Abdullahi,71,Male,Married,Primary,Decreasing,Active,4,31796.27607436404,Dormant,0,1,USSD,0,2,3,9,8,Late,2,708.0900005262147,0
SMB15566116,Okonkwo,84,Female,Divorced,Tertiary,Increasing,Active,6,9460.170255787547,Dormant,1,1,USSD,0,4,2,7,1,Late,4,3299.2182104354483,0
SMB15566117,Onuoha,68,Female,Married,Primary,Stable,Active,4,13673.371595228758,Dormant,1,1,App,1,8,1,12,1,On-time,4,6399.449351048,1
SMB15566118,Onuoha,25,Male,Single,Primary,Decreasing,Cleared,6,23934.982276977757,Active,0,1,Both,0,1,4,8,4,Late,0,5269.154458951421,0
SMB15566119,Okonkwo,51,Male,Married,None,Stable,Cleared,4,12419.454827706162,Dormant,0,0,USSD,1,0,3,4,8,On-time,2,5424.123928293626,0
SMB15566120,Okonkwo,52,Male,Married,None,Decreasing,Defaulted,5,29843.53981608702,Dormant,1,1,USSD,0,5,4,12,3,On-time,0,7948.88329801248,0
SMB15566121,Adesina,49,Female,Single,Secondary,Stable,Active,5,46235.62539436016,Active,1,1,App,0,2,4,4,5,On-time,4,1947.0368228619227,0
SMB15566122,Chukwu,63,Female,Married,Primary,Decreasing,Cleared,4,37656.37891945319,Dormant,0,1,USSD,0,6,3,6,1,On-time,4,9820.755099674587,0
SMB15566123,Okonkwo,33,Male,Married,Primary,Stable,Cleared,5,33654.90409329673,Active,1,1,USSD,0,5,3,6,3,On-time,1,4374.582272971706,0
SMB15566124,Ibrahim,85,Male,Single,Secondary,Increasing,Active,3,29553.35232320516,Active,1,1,Both,0,6,2,0,8,On-time,4,9498.432648055952,0
SMB15566125,Nwachukwu,54,Male,Married,Primary,Increasing,Active,4,24909.44755359618,Dormant,1,1,App,1,4,1,11,1,On-time,4,3831.1586449683264,1
SMB15566126,Nwachukwu,71,Female,Married,Secondary,Decreasing,Active,6,10141.629122098326,Dormant,1,1,Both,1,0,0,14,0,On-time,0,6017.866688516357,0
SMB15566127,Okafor,31,Male,Married,Primary,Decreasing,Active,6,44840.81231591641,Active,0,1,USSD,0,2,1,13,3,On-time,1,4503.114713231361,0
SMB15566128,Adekunle,72,Female,Single,Tertiary,Decreasing,Defaulted,1,13178.264098628979,Active,1,1,USSD,0,2,0,4,3,On-time,1,6759.351638519703,0
SMB15566129,Onuoha,65,Female,Single,Tertiary,Decreasing,Cleared,3,5474.135001329877,Dormant,1,1,App,1,6,3,7,0,On-time,2,1836.247293841865,0
SMB15566130,Adebayo,24,Male,Single,Primary,Stable,Defaulted,4,37750.74378220607,Dormant,1,0,None,0,2,4,6,3,Late,3,4006.285328404849,0
SMB15566131,Yusuf,91,Male,Divorced,Primary,Stable,Cleared,6,9605.161182227153,Dormant,0,0,App,0,4,1,10,2,On-time,2,683.8112210743142,0
SMB15566132,Sule,24,Male,Single,Primary,Stable,Defaulted,4,19222.903977517624,Active,1,0,None,0,3,4,1,1,On-time,2,5981.014169900135,0
SMB15566133,Adebayo,50,Female,Married,Tertiary,Stable,Cleared,3,2385.9614862580065,Active,0,1,App,1,3,1,13,9,On-time,2,9626.816985891228,0
SMB15566134,Adekunle,40,Female,Single,Primary,Stable,Cleared,14,7716.329184481956,Active,0,1,USSD,0,6,1,7,3,On-time,1,459.0651515738575,0
SMB15566135,Yusuf,36,Female,Single,Primary,Increasing,Active,5,9486.977907235692,Active,1,1,None,1,0,4,1,7,On-time,0,6596.300245015665,0
SMB15566136,Adesina,36,Male,Married,None,Stable,Active,4,3666.0962597587195,Active,1,1,USSD,0,6,2,9,6,On-time,4,7750.979636376597,0
SMB15566137,Chukwu,53,Male,Married,Primary,Increasing,Cleared,5,33176.19087451941,Active,1,1,USSD,0,7,3,0,8,Late,1,2131.0842417762888,0
SMB15566138,Bello,46,Female,Single,Primary,Stable,Active,5,42013.38199435274,Active,1,1,USSD,0,2,2,10,7,On-time,4,2730.7429336854707,1
SMB15566139,Chukwu,77,Female,Married,Tertiary,Stable,Active,7,19292.45491193111,Active,1,1,USSD,1,2,2,10,0,On-time,4,2015.8108624003535,1
SMB15566140,Adebayo,19,Male,Single,Primary,Increasing,Defaulted,7,43854.24735919183,Dormant,1,0,App,1,3,1,13,1,On-time,3,2974.1263667630747,1
SMB15566141,Adebayo,18,Female,Married,Primary,Increasing,Cleared,7,11453.982153446199,Active,1,0,USSD,0,5,3,10,1,Late,2,1100.8255919337416,0
SMB15566142,Yusuf,64,Female,Married,Tertiary,Increasing,Defaulted,2,16944.130754500737,Active,0,0,USSD,0,6,1,2,7,Late,3,3703.4787128542234,0
SMB15566143,Yusuf,86,Female,Single,Tertiary,Increasing,Cleared,5,8386.11265852725,Active,1,0,None,1,0,0,2,3,On-time,2,3689.2919531439484,0
SMB15566144,Onuoha,37,Female,Single,Primary,Stable,Defaulted,3,31407.400575530934,Active,1,0,Both,1,3,1,5,8,On-time,1,8072.674566054089,1
SMB15566145,Adesina,28,Female,Single,Primary,Increasing,Cleared,7,21573.609952645034,Active,0,1,None,0,6,4,11,1,Late,4,8009.583156007184,0
SMB15566146,Onuoha,19,Female,Divorced,Primary,Stable,Defaulted,2,31050.883995253036,Dormant,1,0,USSD,1,1,1,2,3,On-time,3,7967.233633093648,0
SMB15566147,Adekunle,84,Male,Divorced,Tertiary,Stable,Cleared,6,38322.070364315,Dormant,1,0,App,0,0,0,6,0,On-time,1,5670.359132189304,0
SMB15566148,Okonkwo,29,Male,Single,None,Stable,Defaulted,4,27739.447785614473,Active,0,0,USSD,0,0,1,7,2,On-time,1,3258.8068686633455,0
SMB15566149,Chukwu,37,Female,Married,Tertiary,Stable,Cleared,8,31753.887390187607,Active,1,1,USSD,0,9,0,2,5,On-time,2,4109.645164004338,0
SMB15566150,Yusuf,22,Male,Single,Secondary,Stable,Cleared,5,46827.265405322316,Active,1,1,USSD,1,5,3,8,8,Late,4,3177.435047620818,0
SMB15566151,Eze,54,Male,Single,Secondary,Decreasing,Defaulted,1,15654.151170833313,Dormant,0,1,App,0,4,1,0,0,Late,2,5819.279049807214,0
SMB15566152,Adekunle,55,Male,Married,None,Decreasing,Active,2,18599.0329930637,Active,0,0,USSD,1,0,0,14,4,Late,2,9379.791213136663,0
SMB15566153,Ibrahim,26,Male,Divorced,Primary,Stable,Active,3,36167.46472375751,Active,1,1,App,1,9,3,2,1,On-time,1,2844.967840557142,0
SMB15566154,Adesina,70,Female,Divorced,Primary,Stable,Active,6,30953.970335713948,Dormant,1,0,App,1,2,4,11,6,On-time,2,4588.518176461297,0
SMB15566155,Adebayo,61,Female,Married,None,Stable,Cleared,8,9748.112322446026,Dormant,1,0,USSD,0,6,2,2,3,On-time,0,6551.169301393401,0
SMB15566156,Onuoha,41,Male,Single,Secondary,Stable,Active,4,19431.218190514017,Dormant,1,1,App,0,8,0,6,4,Late,4,8446.949117955828,0
SMB15566157,Adekunle,91,Male,Married,Tertiary,Decreasing,Active,3,23924.062643111032,Dormant,1,1,USSD,1,8,4,10,7,Late,2,2533.3392064096483,1
SMB15566158,Sule,47,Male,Single,Secondary,Stable,Cleared,6,21550.102060451078,Dormant,1,1,USSD,1,5,3,10,1,On-time,2,2802.8995098039054,1
SMB15566159,Chukwu,76,Female,Married,Secondary,Increasing,Active,6,9735.46560778,Active,0,1,USSD,1,2,4,4,2,On-time,3,8851.655322559362,0
SMB15566160,Yusuf,31,Female,Single,None,Stable,Defaulted,8,46297.074497428854,Active,0,1,Both,0,0,1,3,4,On-time,4,802.5811998580301,0
SMB15566161,Adebayo,26,Male,Married,Primary,Decreasing,Active,6,38353.619323004816,Dormant,1,0,USSD,0,2,2,1,9,Late,4,6054.476059672126,0
SMB15566162,Bello,57,Female,Single,None,Stable,Cleared,6,24586.43577328476,Dormant,1,1,USSD,1,9,0,6,3,On-time,2,8604.554160959871,0
SMB15566163,Sule,83,Female,Single,Secondary,Increasing,Cleared,5,34322.990387034995,Dormant,1,0,USSD,0,1,3,2,4,On-time,0,9217.427503515333,0
SMB15566164,Adesina,42,Female,Divorced,Tertiary,Stable,Cleared,4,44966.85093464057,Active,1,1,USSD,1,4,2,6,2,On-time,3,126.87254232868762,0
SMB15566165,Adekunle,90,Female,Single,Secondary,Increasing,Defaulted,5,7672.532975716989,Active,1,0,None,0,7,3,9,8,On-time,0,3696.659774941843,0
SMB15566166,Abdullahi,39,Male,Married,None,Stable,Cleared,5,13268.279484641907,Active,1,1,USSD,0,4,4,11,7,Late,2,2572.6478612104665,1
SMB15566167,Adebayo,21,Female,Single,Primary,Stable,Active,6,27592.361115575608,Active,1,1,USSD,0,0,3,6,5,Late,4,5680.325887747232,0
SMB15566168,Chukwu,43,Male,Single,Secondary,Decreasing,Active,11,40151.508196265575,Active,1,1,USSD,0,2,3,10,0,Late,4,6328.6227681362925,0
SMB15566169,Okafor,75,Female,Single,Primary,Decreasing,Active,8,2776.4898766348415,Dormant,1,0,USSD,0,4,4,1,3,Late,0,9997.744776055288,0
SMB15566170,Eze,46,Female,Single,Tertiary,Decreasing,Defaulted,7,49216.889359621666,Active,1,1,USSD,1,6,4,6,6,On-time,1,5127.624968989257,0
SMB15566171,Olawale,54,Female,Married,Tertiary,Increasing,Defaulted,7,23290.423541237462,Dormant,0,1,App,0,4,2,5,9,On-time,2,5514.668787372698,1
SMB15566172,Sule,87,Female,Single,Secondary,Decreasing,Defaulted,4,18602.325890464428,Dormant,1,1,Both,0,9,0,9,4,On-time,4,4143.135078056419,0
SMB15566173,Okonkwo,35,Male,Divorced,Primary,Stable,Active,8,15343.49745414882,Active,1,1,USSD,1,4,4,3,3,Late,1,1476.7723783857566,0
SMB15566174,Olawale,59,Male,Married,Primary,Stable,Defaulted,6,9543.47867489271,Active,0,1,None,0,6,2,10,8,On-time,4,3033.246402805985,0
SMB15566175,Chukwu,58,Female,Married,None,Stable,Cleared,2,39787.121537571365,Dormant,1,0,Both,0,7,3,4,7,On-time,4,2469.849177110318,0
SMB15566176,Ibrahim,55,Female,Married,Primary,Increasing,Defaulted,4,47815.29407255873,Dormant,1,1,App,1,7,3,11,2,On-time,1,8012.196913483421,0
SMB15566177,Onuoha,51,Male,Married,Primary,Stable,Cleared,0,21268.592987424512,Dormant,0,0,USSD,1,6,1,7,5,On-time,0,5458.164215523124,1
SMB15566178,Ibrahim,34,Male,Married,Secondary,Stable,Active,6,47668.614042919355,Dormant,1,0,None,0,2,4,4,3,Late,2,2961.9363021534205,1
SMB15566179,Okafor,54,Male,Single,Secondary,Increasing,Cleared,0,41366.08315631667,Dormant,0,1,None,0,1,2,2,6,Late,1,4890.929028935033,0
SMB15566180,Sule,42,Female,Single,None,Decreasing,Defaulted,7,24571.505246339595,Active,0,1,None,1,0,2,1,0,On-time,1,2188.648830954155,0
SMB15566181,Okonkwo,44,Female,Married,Primary,Stable,Active,9,34027.2827771805,Dormant,1,0,None,0,5,0,5,0,On-time,4,1851.2715057321793,0
SMB15566182,Abdullahi,74,Male,Divorced,None,Stable,Active,7,22314.224779352684,Dormant,1,0,Both,1,8,2,5,5,Late,1,8599.42237241886,0
SMB15566183,Okafor,48,Male,Married,None,Stable,Cleared,2,28377.44700241507,Dormant,1,1,USSD,1,2,4,6,9,Late,2,9448.108544661389,0
SMB15566184,Sule,23,Female,Married,Tertiary,Stable,Cleared,4,3844.270513906687,Active,1,0,USSD,1,4,2,7,6,On-time,0,800.1460782698788,0
SMB15566185,Nwachukwu,57,Female,Married,None,Stable,Defaulted,8,35116.910289726125,Dormant,1,1,App,0,8,1,3,8,On-time,0,7648.827071864205,0
SMB15566186,Olawale,29,Male,Married,Primary,Increasing,Active,5,3588.4075797226988,Active,0,1,App,0,8,3,11,6,On-time,0,4533.115364272901,0
SMB15566187,Okafor,70,Female,Married,None,Increasing,Cleared,5,41037.16239906283,Dormant,0,1,App,1,6,3,7,8,On-time,2,3889.7164130825336,0
SMB15566188,Olawale,88,Male,Single,Tertiary,Increasing,Cleared,6,41422.39954356731,Active,1,0,Both,0,3,2,11,9,Late,4,6894.11309547821,1
SMB15566189,Adebayo,27,Male,Married,Secondary,Stable,Defaulted,2,12616.787090254515,Active,0,0,USSD,0,1,2,0,8,On-time,2,2662.5368533436567,1
SMB15566190,Ibrahim,62,Female,Single,Primary,Decreasing,Defaulted,4,16859.47627075421,Active,1,1,Both,1,1,2,5,7,On-time,1,205.81226283587384,0
SMB15566191,Adebayo,34,Female,Single,Secondary,Stable,Active,7,24584.20854935637,Active,1,1,App,0,3,2,5,6,On-time,3,2140.02847820015,0
SMB15566192,Eze,43,Female,Married,Secondary,Stable,Cleared,3,30236.482439691594,Active,1,0,None,0,0,1,2,2,On-time,3,1849.250767091689,0
SMB15566193,Nwachukwu,79,Female,Single,Tertiary,Decreasing,Active,6,15080.329425357839,Dormant,0,0,USSD,1,3,4,8,2,On-time,3,340.4938155356252,0
SMB15566194,Okonkwo,63,Female,Single,Primary,Stable,Cleared,2,30031.83382696433,Active,1,0,USSD,0,5,1,11,4,On-time,0,3213.154160263213,0
SMB15566195,Abdullahi,81,Male,Single,Tertiary,Stable,Defaulted,8,15591.566588235644,Active,1,1,Both,0,5,1,11,6,On-time,2,4745.185335141398,0
SMB15566196,Adesina,19,Male,Divorced,Tertiary,Decreasing,Defaulted,10,3719.045332481973,Active,0,1,USSD,0,6,1,4,9,On-time,2,7358.286970505784,0
SMB15566197,Olawale,71,Male,Married,Tertiary,Stable,Defaulted,5,1123.8499417635385,Active,1,1,USSD,1,4,3,14,6,On-time,0,3256.6132549259687,0
SMB15566198,Abdullahi,82,Male,Married,Secondary,Increasing,Cleared,4,5956.401838003001,Active,1,1,None,0,8,1,0,0,On-time,1,1945.402656577434,0
SMB15566199,Olawale,68,Female,Married,Secondary,Stable,Cleared,4,39820.28430803689,Active,1,1,USSD,0,1,2,6,7,On-time,3,2306.197692536054,0
SMB15566200,Chukwu,70,Female,Married,Primary,Increasing,Defaulted,8,48110.13430678352,Active,0,1,None,1,1,1,9,0,On-time,3,8911.770791617146,0
SMB15566201,Okafor,53,Male,Single,Secondary,Stable,Cleared,9,21921.343764779744,Dormant,0,0,USSD,1,3,2,14,3,On-time,0,2047.2040641736878,0
SMB15566202,Eze,43,Male,Married,Secondary,Stable,Defaulted,7,26121.513719047194,Active,1,0,App,0,3,4,13,1,On-time,3,8792.406675165103,0
SMB15566203,Ibrahim,46,Female,Married,Secondary,Increasing,Defaulted,7,8195.56028459788,Active,0,0,USSD,1,3,3,2,4,Late,4,4470.989954877954,0
SMB15566204,Adesina,38,Male,Married,Primary,Stable,Active,3,28000.536281327695,Active,0,1,USSD,0,0,4,9,5,Late,2,9344.004323485264,0
SMB15566205,Yusuf,28,Female,Single,Secondary,Stable,Defaulted,8,8088.090198341865,Dormant,0,1,USSD,1,3,4,9,3,On-time,3,4080.9213630469867,1
SMB15566206,Olawale,57,Female,Married,Tertiary,Stable,Active,7,30949.502228742673,Active,0,1,None,0,4,3,10,3,Late,3,1776.8293380581733,0
SMB15566207,Abdullahi,28,Female,Married,None,Stable,Cleared,2,46729.67471146184,Active,0,0,USSD,0,8,2,3,6,On-time,4,5490.299292113376,0
SMB15566208,Eze,53,Male,Single,Tertiary,Stable,Active,5,10589.22842584894,Active,0,0,None,1,2,2,5,3,On-time,1,5877.066028490677,0
SMB15566209,Bello,76,Male,Married,Secondary,Stable,Cleared,7,38463.622184798,Active,1,0,USSD,0,2,2,7,1,On-time,1,6354.893032732697,0
SMB15566210,Adesina,56,Female,Single,Tertiary,Decreasing,Defaulted,6,2151.618718097878,Active,1,1,None,0,4,3,12,3,On-time,4,4114.9671846952715,0
SMB15566211,Bello,71,Female,Single,Primary,Stable,Cleared,1,19399.36482475943,Active,1,0,None,0,9,1,3,6,On-time,1,486.01340794495184,0
SMB15566212,Adebayo,72,Male,Married,Primary,Stable,Defaulted,3,6426.676883694943,Active,1,0,USSD,1,5,0,14,0,On-time,0,6267.19922949512,0
SMB15566213,Ibrahim,41,Female,Single,Tertiary,Stable,Active,4,18271.296638189273,Active,1,1,USSD,0,2,1,11,3,Late,4,9330.301542669718,0
SMB15566214,Onuoha,39,Male,Married,Primary,Stable,Active,4,9503.309062305292,Active,1,0,None,0,0,1,8,5,On-time,2,9575.586285057303,0
SMB15566215,Onuoha,86,Female,Married,Tertiary,Decreasing,Active,3,19291.944516021485,Dormant,1,1,USSD,0,9,4,7,7,On-time,2,5968.853678610147,0
SMB15566216,Yusuf,73,Male,Single,Primary,Stable,Cleared,7,21458.61749926899,Dormant,1,0,App,0,7,0,9,7,On-time,2,198.87017954431818,0
SMB15566217,Chukwu,50,Female,Divorced,Secondary,Decreasing,Defaulted,9,15728.965016265,Active,1,1,App,0,0,2,9,8,On-time,3,1060.3848084881229,1
SMB15566218,Abdullahi,53,Male,Single,Primary,Stable,Cleared,4,33174.475524183326,Dormant,1,1,None,0,1,1,5,4,Late,4,8339.905257694427,0
SMB15566219,Sule,37,Male,Single,Secondary,Increasing,Active,3,46023.75051168657,Dormant,1,1,USSD,0,2,3,6,1,Late,4,8297.444376533422,0
SMB15566220,Yusuf,79,Male,Single,Primary,Increasing,Active,4,20629.173331158345,Dormant,1,1,USSD,0,5,1,7,2,Late,1,9460.15605268362,1
SMB15566221,Okafor,90,Male,Single,None,Decreasing,Defaulted,4,10424.81466727605,Active,0,1,None,1,3,2,1,1,On-time,4,5637.744228668131,1
SMB15566222,Okafor,43,Female,Single,Primary,Increasing,Cleared,6,14265.415151603183,Dormant,0,1,App,1,3,1,4,8,On-time,4,8638.16294468439,1
SMB15566223,Abdullahi,83,Female,Married,None,Increasing,Cleared,3,42846.04035132208,Active,0,1,Both,1,8,4,12,5,On-time,1,8248.869256818773,0
SMB15566224,Sule,90,Male,Divorced,Tertiary,Stable,Defaulted,10,29010.34644023725,Active,0,1,App,0,5,4,6,0,On-time,4,5894.208062071001,0
SMB15566225,Okonkwo,90,Male,Single,Tertiary,Stable,Defaulted,5,23295.540583040907,Active,0,1,App,1,1,1,7,2,On-time,4,7836.375533670536,0
SMB15566226,Chukwu,57,Female,Married,Primary,Decreasing,Active,5,8332.199353937409,Active,1,1,App,0,6,4,4,6,Late,0,1257.1054451247144,0
SMB15566227,Eze,34,Female,Married,Secondary,Stable,Cleared,3,23036.638107865314,Active,1,0,USSD,1,2,3,2,6,On-time,1,6392.0275688012025,1
SMB15566228,Olawale,18,Female,Married,Primary,Stable,Cleared,2,14646.108164511947,Active,1,1,USSD,0,8,0,14,4,On-time,0,9534.50956337194,0
SMB15566229,Sule,78,Male,Married,Secondary,Increasing,Active,7,47214.99326481411,Dormant,0,1,App,0,5,1,5,2,Late,3,1619.5749843940775,0
SMB15566230,Onuoha,60,Male,Single,Tertiary,Stable,Defaulted,5,44319.43536137083,Active,1,1,USSD,0,7,3,4,6,Late,1,7440.426818000011,0
SMB15566231,Adesina,59,Female,Single,Tertiary,Decreasing,Active,4,5111.224549581702,Active,1,0,USSD,0,0,3,7,4,On-time,4,3207.8579734338464,0
SMB15566232,Okonkwo,42,Male,Married,Primary,Increasing,Cleared,6,26316.0209738009,Active,0,1,USSD,1,1,3,8,5,On-time,4,8171.0392371783,0
SMB15566233,Olawale,56,Female,Married,Secondary,Increasing,Active,5,12027.858930218932,Active,1,0,App,1,5,2,8,2,On-time,0,6972.109337056676,0
SMB15566234,Olawale,52,Male,Single,Primary,Decreasing,Cleared,4,21128.07738669024,Active,1,1,None,1,2,1,11,5,On-time,0,9261.742576066234,0
SMB15566235,Okonkwo,20,Female,Single,Tertiary,Stable,Active,7,43965.55191432137,Dormant,1,0,USSD,1,0,1,11,6,On-time,3,7119.354196938953,0
SMB15566236,Adebayo,61,Male,Divorced,None,Stable,Cleared,4,26848.211474538697,Active,0,1,Both,0,5,1,5,7,On-time,3,4103.105949628616,1
SMB15566237,Bello,68,Female,Married,Secondary,Stable,Cleared,2,17376.549375167233,Active,1,0,App,0,4,0,14,1,On-time,4,108.9253449032579,1
SMB15566238,Olawale,29,Male,Divorced,Secondary,Stable,Cleared,3,11186.529351144856,Dormant,1,0,Both,1,8,3,3,1,On-time,2,7929.168967708282,0
SMB15566239,Okonkwo,36,Female,Married,Secondary,Increasing,Cleared,8,40215.91811091797,Active,1,1,USSD,1,5,1,3,5,Late,3,4084.6496665540553,0
SMB15566240,Sule,61,Male,Single,None,Decreasing,Cleared,5,31601.38275285301,Dormant,1,1,None,1,4,4,8,7,Late,4,6706.340948348597,0
SMB15566241,Okonkwo,76,Female,Married,Tertiary,Stable,Active,6,23935.20756088533,Active,1,0,App,0,0,2,3,4,On-time,3,1050.6648124841877,1
SMB15566242,Nwachukwu,66,Female,Married,None,Stable,Active,2,11656.733339285924,Active,1,1,USSD,1,0,0,7,0,Late,1,8909.68635897655,0
SMB15566243,Yusuf,78,Female,Single,Secondary,Decreasing,Active,3,17378.072333699434,Active,0,0,USSD,1,0,2,8,0,On-time,0,4356.577974065051,1
SMB15566244,Adekunle,34,Female,Married,Primary,Stable,Cleared,3,48032.32791018741,Active,1,1,USSD,0,6,3,4,9,On-time,4,9196.917338086818,1
SMB15566245,Adebayo,91,Female,Married,Primary,Stable,Active,7,26484.40694268588,Active,0,1,USSD,0,5,4,12,8,On-time,3,7070.17433794491,0
SMB15566246,Ibrahim,74,Female,Single,Secondary,Stable,Cleared,5,20634.264780919395,Dormant,1,0,USSD,0,4,3,5,3,On-time,0,1214.6226209805322,0
SMB15566247,Adekunle,72,Male,Married,Primary,Decreasing,Cleared,2,26549.68007506787,Dormant,1,1,USSD,1,3,1,2,9,On-time,2,5791.966134076993,0
SMB15566248,Yusuf,64,Female,Married,None,Increasing,Active,2,39170.43678908083,Dormant,0,0,USSD,0,7,2,11,0,Late,3,9099.344479417872,0
SMB15566249,Yusuf,29,Male,Divorced,None,Increasing,Active,7,17665.33788864057,Dormant,1,1,App,0,7,4,4,7,On-time,4,7999.705598834314,0
SMB15566250,Yusuf,79,Male,Single,Primary,Decreasing,Active,8,9756.599925697834,Active,1,1,USSD,0,4,2,4,1,Late,1,4179.804075762499,0
SMB15566251,Adekunle,25,Male,Single,Secondary,Stable,Defaulted,4,29661.86979861334,Dormant,0,1,USSD,1,3,0,14,1,On-time,0,9550.64397253907,0
SMB15566252,Abdullahi,38,Male,Married,Tertiary,Stable,Active,4,33595.001070572296,Active,1,1,USSD,0,1,4,13,0,On-time,0,2685.761808015268,0
SMB15566253,Bello,87,Female,Single,None,Decreasing,Active,4,35923.18214496893,Dormant,0,1,USSD,0,6,0,1,0,On-time,1,3751.0770331831577,0
SMB15566254,Okonkwo,89,Female,Married,Primary,Stable,Cleared,3,44217.39194754035,Active,1,0,Both,1,4,4,9,8,On-time,4,7497.141732867984,1
SMB15566255,Adesina,42,Female,Married,None,Increasing,Cleared,4,19187.53191376654,Dormant,0,1,None,1,2,1,5,0,On-time,2,2329.0455721551607,0
SMB15566256,Bello,29,Male,Single,None,Decreasing,Active,6,4692.389915215698,Dormant,1,1,App,0,8,2,8,5,On-time,1,5153.74469959548,0
SMB15566257,Onuoha,32,Male,Married,Secondary,Increasing,Active,5,47959.08059791617,Active,1,1,USSD,1,8,2,10,6,On-time,2,7287.891901041543,0
SMB15566258,Sule,76,Male,Married,Secondary,Increasing,Active,5,22315.584444436285,Active,1,1,USSD,1,9,3,14,3,On-time,4,6439.6776614234805,0
SMB15566259,Chukwu,43,Male,Single,None,Decreasing,Cleared,3,31539.617973983433,Active,0,0,None,0,7,4,6,4,On-time,3,1553.6991412096822,1
SMB15566260,Abdullahi,43,Male,Divorced,Primary,Decreasing,Cleared,6,33648.96083328632,Active,1,0,USSD,0,0,4,13,3,On-time,3,6296.603161278345,0
SMB15566261,Ibrahim,64,Male,Married,None,Stable,Active,4,27779.171726358974,Dormant,1,0,USSD,0,2,0,7,3,On-time,4,5727.105288051072,1
SMB15566262,Bello,49,Male,Married,Tertiary,Stable,Active,2,11057.618957077235,Dormant,0,0,USSD,0,1,4,1,9,Late,2,5578.448250391125,1
SMB15566263,Adesina,27,Female,Married,Tertiary,Stable,Cleared,5,38002.00945569093,Active,1,0,USSD,0,3,2,10,0,Late,1,8260.471865372461,0
SMB15566264,Okafor,33,Female,Married,None,Increasing,Cleared,7,40383.8467409,Active,0,1,App,1,1,4,12,5,On-time,4,1838.960225250139,0
SMB15566265,Yusuf,88,Female,Divorced,Primary,Stable,Active,8,28095.803714854548,Dormant,1,1,App,0,7,3,13,9,On-time,4,7515.659870434474,0
SMB15566266,Olawale,34,Female,Married,Tertiary,Increasing,Cleared,0,24939.496868657236,Active,1,0,USSD,1,0,3,8,9,On-time,3,7609.260177350819,0
SMB15566267,Onuoha,40,Female,Married,Tertiary,Stable,Active,5,6582.970973271281,Active,1,1,USSD,0,3,2,2,6,Late,1,7226.454395808683,0
SMB15566268,Chukwu,43,Male,Married,Primary,Increasing,Active,4,5113.631413489408,Dormant,1,0,USSD,1,4,2,9,6,On-time,3,5059.6831347876005,0
SMB15566269,Adebayo,24,Female,Single,None,Stable,Cleared,6,17638.67743261291,Dormant,1,1,Both,0,9,2,4,7,On-time,2,3955.3874773773746,0
SMB15566270,Ibrahim,31,Female,Married,None,Increasing,Cleared,4,16231.46162035227,Active,0,1,USSD,1,3,4,13,6,On-time,2,3946.7716007287954,0
SMB15566271,Sule,24,Male,Single,Secondary,Increasing,Defaulted,7,47729.166097200294,Active,1,1,USSD,1,7,4,6,5,On-time,0,7338.087139422406,0
SMB15566272,Chukwu,26,Male,Single,Primary,Stable,Cleared,2,39397.51437972806,Dormant,1,1,USSD,1,1,1,3,7,Late,4,4978.967025828713,0
SMB15566273,Yusuf,65,Female,Single,None,Stable,Defaulted,3,33336.290467693936,Dormant,1,0,USSD,0,8,0,6,2,Late,1,3384.3372423092687,1
SMB15566274,Olawale,89,Male,Divorced,Secondary,Increasing,Cleared,3,26364.75636186265,Dormant,1,1,USSD,1,1,4,7,8,On-time,1,6254.6968440532155,1
SMB15566275,Abdullahi,76,Female,Married,None,Stable,Defaulted,5,9201.009005605916,Active,0,1,None,1,1,1,14,2,Late,3,8370.112605030168,0
SMB15566276,Olawale,56,Female,Married,Secondary,Stable,Cleared,6,48944.37693702991,Dormant,1,1,App,1,1,1,12,3,On-time,3,615.0874116828176,0
SMB15566277,Adekunle,35,Male,Married,Primary,Decreasing,Cleared,9,19376.994213770293,Active,0,0,App,0,9,3,9,9,Late,1,9721.369577714377,0
SMB15566278,Olawale,76,Male,Married,None,Increasing,Active,6,6239.354519914996,Dormant,0,1,USSD,1,7,4,13,5,Late,3,966.5193958190432,0
SMB15566279,Adekunle,34,Male,Divorced,Secondary,Decreasing,Cleared,7,25196.14589007156,Active,1,1,None,0,2,1,9,7,On-time,0,5117.381207029182,0
SMB15566280,Onuoha,31,Male,Married,Primary,Stable,Cleared,2,43825.90256904108,Active,0,1,USSD,1,9,3,3,2,Late,4,5602.095440377961,0
SMB15566281,Abdullahi,48,Male,Single,Tertiary,Stable,Cleared,2,44477.25908708914,Dormant,0,0,Both,1,9,0,14,9,On-time,0,1382.1070536134816,1
SMB15566282,Sule,41,Female,Single,Secondary,Decreasing,Active,8,1537.3298867659155,Active,1,0,App,0,7,3,4,5,On-time,2,9155.937530176794,0
SMB15566283,Eze,77,Male,Married,Primary,Increasing,Cleared,8,44428.49149281858,Active,0,1,USSD,0,6,0,10,4,On-time,1,4714.670772924939,0
SMB15566284,Yusuf,62,Male,Married,Secondary,Increasing,Cleared,8,14302.726657493067,Dormant,0,0,None,0,9,2,2,4,On-time,0,1431.2051446039331,0
SMB15566285,Adekunle,20,Male,Single,Primary,Stable,Active,7,2909.645834452731,Dormant,0,0,USSD,1,3,2,4,4,On-time,0,7116.124028477709,0
SMB15566286,Adebayo,54,Female,Single,Tertiary,Stable,Cleared,6,42541.72324778084,Dormant,0,0,USSD,0,6,3,7,8,On-time,3,6634.043452426098,0
SMB15566287,Olawale,60,Male,Married,Primary,Stable,Active,2,43329.47104342221,Active,1,0,USSD,0,7,2,2,6,Late,3,9628.655697814476,0
SMB15566288,Olawale,57,Male,Single,Secondary,Stable,Active,7,30215.32291227515,Active,1,0,Both,1,5,4,14,8,On-time,3,4415.163246877482,1
SMB15566289,Adebayo,72,Female,Married,None,Stable,Defaulted,6,29147.25410752156,Dormant,1,1,USSD,0,5,3,13,8,On-time,2,2677.9597316475933,0
SMB15566290,Sule,56,Female,Divorced,Primary,Stable,Defaulted,5,40842.89335844955,Active,1,0,None,0,2,1,12,5,On-time,0,599.9400629526208,0
SMB15566291,Okafor,32,Male,Married,Tertiary,Decreasing,Cleared,6,39529.16808280371,Dormant,0,0,App,1,4,4,4,5,On-time,4,7331.215250802694,0
SMB15566292,Onuoha,21,Female,Single,Tertiary,Stable,Active,4,44615.1681986925,Active,0,0,None,0,9,3,9,3,On-time,3,6172.776892304224,0
SMB15566293,Okonkwo,42,Male,Married,Primary,Increasing,Cleared,4,28084.62493223847,Dormant,0,1,Both,0,1,0,0,7,On-time,2,9726.108349007594,0
SMB15566294,Eze,30,Male,Married,Primary,Decreasing,Active,4,48414.70754390763,Active,1,1,USSD,0,4,2,1,1,Late,2,7121.649798036325,0
SMB15566295,Ibrahim,50,Male,Married,Tertiary,Increasing,Active,5,49811.19471573358,Active,1,1,Both,1,4,2,2,4,On-time,3,9331.614799382161,0
SMB15566296,Adesina,33,Male,Divorced,Tertiary,Stable,Active,4,6710.685889932996,Dormant,1,0,None,1,6,2,0,0,On-time,1,9915.787947795805,0
SMB15566297,Adekunle,59,Female,Single,None,Increasing,Defaulted,7,42627.64421815198,Active,0,1,None,0,3,3,12,9,Late,0,4284.311442326858,1
SMB15566298,Adebayo,83,Male,Married,Primary,Increasing,Cleared,2,25491.29062968086,Dormant,0,1,USSD,0,5,4,10,1,On-time,3,1502.9501336927708,0
SMB15566299,Adesina,72,Male,Married,Primary,Increasing,Cleared,4,19990.750576691775,Dormant,1,0,USSD,0,8,0,11,0,On-time,4,1958.5077690326368,1
SMB15566300,Abdullahi,59,Female,Married,Tertiary,Increasing,Cleared,1,31040.543184253034,Dormant,0,1,USSD,1,3,2,10,5,On-time,0,3183.752231123167,0
SMB15566301,Sule,51,Female,Single,None,Decreasing,Active,6,3742.3123058383444,Dormant,1,1,Both,0,5,4,8,1,Late,2,5088.957670662729,0
SMB15566302,Adekunle,47,Male,Married,Primary,Increasing,Defaulted,1,25816.594819586913,Active,1,1,App,1,8,1,8,3,Late,4,1224.1999939635616,0
SMB15566303,Okonkwo,30,Female,Married,Secondary,Stable,Defaulted,6,43673.63793130667,Active,1,1,USSD,0,9,1,4,4,Late,0,3017.1787185523567,0
SMB15566304,Adesina,30,Male,Single,None,Increasing,Defaulted,6,11459.614290809472,Active,1,1,None,1,0,0,13,6,On-time,4,3077.9384738291537,0
SMB15566305,Abdullahi,35,Female,Single,Primary,Stable,Active,0,21893.104843701833,Active,1,0,App,1,7,2,3,9,On-time,2,40.856549647128034,0
SMB15566306,Chukwu,49,Female,Married,Primary,Decreasing,Cleared,6,47034.563498028896,Active,1,1,App,1,0,1,4,0,Late,3,3541.6873966639273,0
SMB15566307,Yusuf,56,Female,Single,Primary,Stable,Defaulted,1,21999.628052479165,Active,1,0,USSD,0,3,4,3,4,On-time,4,1161.5220008467143,0
SMB15566308,Olawale,63,Male,Single,Primary,Stable,Cleared,4,18560.013984287518,Active,0,1,Both,1,2,4,11,3,On-time,3,4297.113796623891,0
SMB15566309,Chukwu,46,Male,Single,Secondary,Decreasing,Defaulted,6,22586.295758045533,Active,1,0,None,0,3,1,4,6,Late,2,1965.3673740374911,0
SMB15566310,Adekunle,79,Male,Married,None,Increasing,Active,7,26453.18555936026,Active,1,1,USSD,0,6,2,6,9,On-time,2,8221.14239693196,0
SMB15566311,Okonkwo,79,Male,Married,Secondary,Stable,Cleared,6,31967.575862441972,Dormant,0,1,None,0,8,0,10,6,On-time,4,805.2535277382356,0
SMB15566312,Eze,74,Male,Married,Tertiary,Stable,Active,3,40233.94724491982,Active,1,1,App,1,8,2,7,7,Late,4,8656.604314182001,0
SMB15566313,Adesina,33,Female,Single,Secondary,Decreasing,Cleared,7,23153.008082451397,Active,0,0,USSD,1,9,3,1,3,On-time,2,5805.266155245983,0
SMB15566314,Onuoha,73,Male,Married,None,Stable,Cleared,6,41056.56581941687,Dormant,1,1,USSD,1,0,1,3,3,On-time,4,4586.406631983575,0
SMB15566315,Yusuf,27,Male,Married,None,Decreasing,Active,5,27152.31240625195,Active,1,1,None,1,9,3,7,9,Late,4,5497.423168939102,0
SMB15566316,Adekunle,47,Female,Married,Primary,Stable,Cleared,7,17585.545008030906,Dormant,0,0,None,0,0,1,6,4,Late,4,3761.0912917766927,0
SMB15566317,Sule,42,Male,Divorced,Primary,Increasing,Defaulted,4,33239.5905778513,Dormant,0,1,None,1,8,0,8,4,On-time,4,1276.1190499194508,0
SMB15566318,Adebayo,22,Female,Single,Primary,Decreasing,Active,7,36168.39048243108,Active,1,0,USSD,1,3,2,4,2,On-time,0,7658.798157837799,0
SMB15566319,Onuoha,82,Male,Married,Secondary,Stable,Cleared,1,28344.39980584489,Dormant,1,1,USSD,1,2,2,5,4,Late,2,9279.115900964156,0
SMB15566320,Onuoha,66,Male,Single,None,Stable,Active,2,3774.133683601447,Dormant,1,0,USSD,0,8,1,14,4,On-time,2,9500.676231198648,0
SMB15566321,Onuoha,20,Male,Married,None,Stable,Cleared,2,9324.26088288042,Active,0,0,App,1,4,4,10,7,On-time,1,6707.1150622274445,0
SMB15566322,Bello,62,Male,Single,Primary,Increasing,Cleared,6,14979.588323621181,Dormant,1,1,USSD,1,5,3,7,6,On-time,3,4103.474265166672,0
SMB15566323,Adekunle,31,Female,Single,Secondary,Increasing,Cleared,8,14848.654691623162,Active,1,1,App,1,0,2,14,7,Late,1,4783.599622764965,0
SMB15566324,Yusuf,47,Male,Single,None,Increasing,Defaulted,6,33997.61921209666,Active,0,0,None,0,0,2,11,4,Late,4,6569.656969893156,0
SMB15566325,Olawale,85,Male,Married,Secondary,Stable,Defaulted,0,1899.0844220079966,Active,0,1,USSD,1,6,1,13,1,On-time,4,8230.725165083479,1
SMB15566326,Olawale,35,Male,Single,Primary,Stable,Cleared,10,38028.407075426476,Active,0,0,USSD,1,9,4,14,7,Late,0,3745.671375430405,0
SMB15566327,Adekunle,79,Male,Married,Tertiary,Stable,Active,2,14001.781265539727,Active,0,0,None,0,7,3,10,8,Late,0,9167.812247811113,0
SMB15566328,Abdullahi,54,Female,Married,Tertiary,Stable,Defaulted,5,16191.070464589018,Dormant,1,1,None,0,7,4,14,1,On-time,0,3242.721549306129,0
SMB15566329,Bello,42,Male,Single,Primary,Increasing,Defaulted,8,26867.58156925229,Active,0,0,App,0,6,4,4,0,On-time,0,5308.597753272042,1
SMB15566330,Adebayo,65,Female,Married,Primary,Decreasing,Active,5,11580.354446008918,Active,1,1,Both,1,8,1,13,5,On-time,0,9613.618000356137,0
SMB15566331,Onuoha,82,Female,Single,Primary,Increasing,Defaulted,4,44339.09436520085,Active,1,1,None,0,0,4,8,2,Late,0,9381.989154256102,0
SMB15566332,Onuoha,70,Female,Married,Primary,Stable,Cleared,3,5183.070187001699,Dormant,0,1,USSD,0,1,3,3,0,On-time,0,6957.450895277493,0
SMB15566333,Adekunle,90,Female,Married,Secondary,Decreasing,Cleared,7,22774.735752752178,Dormant,1,1,Both,1,2,0,7,5,On-time,0,3245.601944750087,0
SMB15566334,Abdullahi,32,Male,Single,Tertiary,Increasing,Active,7,42621.69120328961,Dormant,0,0,None,1,4,0,11,7,On-time,0,2190.3503318400353,0
SMB15566335,Olawale,66,Male,Single,Secondary,Decreasing,Active,3,31176.35082664055,Dormant,1,1,USSD,0,3,3,13,8,On-time,2,801.4335533354422,0
SMB15566336,Olawale,85,Male,Single,Tertiary,Increasing,Active,3,15324.146276289039,Dormant,0,1,Both,0,3,1,2,5,Late,0,7086.544047393853,1
SMB15566337,Okonkwo,29,Female,Divorced,Primary,Stable,Cleared,2,21617.250181046576,Dormant,1,0,Both,1,7,2,4,5,On-time,3,5034.5069400203565,0
SMB15566338,Adekunle,76,Female,Married,None,Stable,Active,2,35628.024636783215,Dormant,1,1,USSD,1,7,1,14,0,Late,0,5722.876939442573,0
SMB15566339,Bello,54,Male,Married,Secondary,Increasing,Cleared,7,48689.77642483107,Active,1,1,None,0,6,3,7,4,On-time,4,4723.921739257378,0
SMB15566340,Okafor,78,Female,Married,Primary,Stable,Active,4,44763.79720059224,Active,1,1,USSD,1,0,4,14,2,On-time,4,4829.464335734429,0
SMB15566341,Bello,60,Male,Single,Secondary,Stable,Cleared,1,17779.207610736463,Dormant,1,1,App,0,9,0,9,6,Late,0,5712.736192049652,0
SMB15566342,Sule,87,Female,Married,Primary,Increasing,Active,3,49911.69608510502,Active,0,0,Both,1,3,4,11,8,On-time,0,9142.620061760377,1
SMB15566343,Olawale,56,Male,Married,None,Increasing,Cleared,10,1171.7285130218554,Active,1,1,USSD,0,0,1,6,5,On-time,4,293.66299468047697,1
SMB15566344,Olawale,73,Female,Single,Tertiary,Increasing,Active,3,2353.8580346123395,Active,1,1,App,0,4,3,0,4,Late,3,8016.367795731624,0
SMB15566345,Chukwu,80,Female,Single,None,Stable,Cleared,6,41368.1852433885,Dormant,1,1,App,0,2,0,11,6,On-time,1,3905.1626055826573,0
SMB15566346,Olawale,63,Male,Single,Tertiary,Stable,Active,4,10773.671654819549,Active,0,0,USSD,0,2,3,3,8,On-time,2,7449.242672829998,0
SMB15566347,Adebayo,28,Male,Married,Tertiary,Increasing,Cleared,5,3977.694151415802,Dormant,0,1,App,1,3,0,1,4,On-time,4,9485.263292443564,0
SMB15566348,Ibrahim,79,Male,Divorced,Secondary,Decreasing,Cleared,3,12620.255588588609,Dormant,1,1,USSD,1,1,0,1,4,On-time,0,3062.8699352633516,0
SMB15566349,Adekunle,42,Male,Single,Secondary,Increasing,Active,7,21878.90754506215,Dormant,1,1,USSD,1,6,0,12,9,Late,2,895.5463674379894,0
SMB15566350,Adesina,88,Male,Married,Secondary,Decreasing,Cleared,5,36797.74725123683,Dormant,0,1,USSD,0,3,1,14,3,Late,0,2322.9843631492563,0
SMB15566351,Bello,69,Female,Single,Tertiary,Increasing,Defaulted,2,31592.44080100907,Dormant,1,1,App,0,4,3,6,4,On-time,1,2220.9283111256264,0
SMB15566352,Ibrahim,21,Female,Divorced,Primary,Increasing,Active,6,12643.4396604606,Active,1,1,USSD,0,1,2,11,6,Late,1,7418.49417460254,1
SMB15566353,Abdullahi,76,Male,Single,Primary,Stable,Defaulted,3,25660.251956928638,Active,1,1,USSD,0,5,2,11,2,Late,4,618.5818172511737,0
SMB15566354,Okafor,89,Male,Married,Secondary,Increasing,Active,2,46384.49116452987,Active,1,0,App,1,8,2,2,3,On-time,2,509.3357985573377,0
SMB15566355,Adebayo,37,Female,Married,Primary,Increasing,Cleared,7,40935.38107220413,Dormant,0,1,USSD,0,7,3,2,8,On-time,2,6936.085944838359,0
SMB15566356,Yusuf,80,Female,Married,Primary,Increasing,Cleared,6,16836.299456757875,Dormant,0,1,Both,1,7,4,14,1,On-time,1,5567.196848760237,0
SMB15566357,Nwachukwu,71,Male,Married,Primary,Stable,Active,3,49130.96350642912,Dormant,0,1,None,1,1,3,5,7,Late,0,4177.6754484320345,0
SMB15566358,Bello,91,Female,Single,Secondary,Increasing,Defaulted,5,35722.39962132142,Active,1,1,USSD,0,3,0,5,8,Late,4,5753.684069770452,0
SMB15566359,Ibrahim,74,Male,Single,Tertiary,Stable,Cleared,7,4060.018427672307,Active,1,1,USSD,1,7,4,0,4,On-time,3,7352.4790596863895,0
SMB15566360,Yusuf,58,Male,Single,Primary,Increasing,Cleared,4,2722.874951143295,Active,0,1,Both,0,0,0,14,6,Late,1,1034.7137270677931,0
SMB15566361,Okafor,20,Male,Single,Tertiary,Stable,Defaulted,4,9251.98950149147,Active,1,0,None,0,7,0,14,5,On-time,1,5532.8641598094255,0
SMB15566362,Chukwu,23,Male,Married,Secondary,Decreasing,Cleared,3,36664.937534457196,Active,1,0,USSD,1,2,3,14,0,On-time,4,8244.168329143053,0
SMB15566363,Yusuf,22,Male,Single,Tertiary,Stable,Defaulted,6,10003.207366278968,Active,0,1,App,0,7,2,0,7,Late,0,3624.2917057831237,0
SMB15566364,Adebayo,22,Female,Single,Secondary,Stable,Active,4,26062.85169123284,Dormant,0,1,USSD,0,5,4,10,8,On-time,2,7630.179876226391,1
SMB15566365,Adebayo,71,Female,Married,Secondary,Stable,Cleared,5,5569.745888860755,Active,1,1,Both,1,6,1,5,9,On-time,1,8454.208391465092,1
SMB15566366,Adesina,64,Female,Divorced,None,Increasing,Defaulted,7,46123.42173367956,Active,0,1,App,0,1,2,6,0,On-time,4,8209.29191820134,0
SMB15566367,Chukwu,66,Male,Married,Tertiary,Stable,Defaulted,4,17854.07006559481,Dormant,1,1,USSD,1,0,1,8,7,On-time,4,6503.564019858612,0
SMB15566368,Nwachukwu,26,Male,Single,None,Stable,Defaulted,3,45498.47077147091,Active,1,1,None,0,5,3,3,2,On-time,4,7173.445183964586,1
SMB15566369,Adekunle,37,Female,Single,Tertiary,Increasing,Cleared,1,47298.90645361667,Active,1,1,USSD,0,2,4,13,5,On-time,2,7876.751807147809,1
SMB15566370,Yusuf,78,Male,Divorced,Tertiary,Stable,Cleared,5,1300.3037183703586,Active,1,1,USSD,1,3,3,9,9,Late,1,7337.093094976321,0
SMB15566371,Chukwu,52,Male,Single,Primary,Decreasing,Defaulted,8,23742.62417273787,Active,1,1,App,1,8,1,5,7,Late,4,4516.801622865787,1
SMB15566372,Adebayo,67,Male,Single,Primary,Decreasing,Active,5,2208.1467296377514,Active,1,1,Both,0,2,0,11,4,On-time,2,1591.2094287195555,0
SMB15566373,Adebayo,79,Female,Married,Secondary,Increasing,Defaulted,5,45525.945548842385,Active,1,1,None,0,1,3,2,7,On-time,0,3097.305998855272,1
SMB15566374,Ibrahim,34,Male,Married,Primary,Stable,Defaulted,3,26401.969691994218,Active,1,1,USSD,1,1,4,12,6,Late,3,2072.465622420582,0
SMB15566375,Olawale,20,Male,Married,Tertiary,Increasing,Active,3,4672.256622226344,Active,0,1,USSD,0,1,3,12,6,On-time,1,3614.4415432500223,0
SMB15566376,Nwachukwu,49,Female,Single,None,Stable,Cleared,6,6403.559685551777,Active,0,1,None,1,5,2,10,6,On-time,2,4893.310801824282,0
SMB15566377,Yusuf,30,Male,Single,None,Stable,Defaulted,5,19791.942200144214,Dormant,1,1,USSD,1,1,3,3,8,On-time,3,9590.46671734246,0
SMB15566378,Adesina,90,Male,Divorced,Tertiary,Stable,Active,7,47071.475450771584,Active,1,0,USSD,1,6,1,8,5,On-time,3,9594.627949892627,0
SMB15566379,Adesina,85,Male,Single,Secondary,Decreasing,Active,6,34952.548426835965,Dormant,0,1,USSD,1,6,3,13,5,On-time,2,7695.885209168566,1
SMB15566380,Yusuf,31,Male,Married,Tertiary,Stable,Active,8,43513.32444326749,Active,0,1,USSD,1,6,4,13,8,On-time,2,9801.402883633404,0
SMB15566381,Sule,28,Female,Married,Primary,Increasing,Cleared,8,18956.375670659003,Active,1,1,App,1,1,3,0,5,On-time,2,9980.15815824459,0
SMB15566382,Onuoha,73,Male,Married,Secondary,Increasing,Active,8,3117.4712779499177,Dormant,0,1,None,1,6,3,4,6,Late,4,8852.567477986433,0
SMB15566383,Okafor,84,Male,Single,Secondary,Stable,Active,9,48741.56422301629,Active,1,0,App,1,9,4,14,6,Late,0,795.0358320613803,0
SMB15566384,Adesina,46,Female,Single,Secondary,Stable,Defaulted,5,1841.4765424561078,Active,1,0,USSD,0,7,3,14,1,On-time,4,4260.441034642619,0
SMB15566385,Chukwu,26,Female,Married,Secondary,Decreasing,Active,3,47434.93100097336,Dormant,1,1,App,0,7,4,10,7,Late,3,5341.199810253421,0
SMB15566386,Okafor,84,Female,Married,Secondary,Increasing,Active,4,19065.19376860809,Active,0,0,USSD,1,1,1,6,5,On-time,3,1240.8258561564744,0
SMB15566387,Chukwu,42,Male,Divorced,Primary,Increasing,Active,5,1494.4298460721946,Dormant,0,1,App,1,4,4,2,3,On-time,3,8086.30627243125,0
SMB15566388,Abdullahi,59,Male,Single,Primary,Stable,Defaulted,6,34768.70435450091,Dormant,0,0,App,0,5,1,14,6,Late,2,1486.834149487809,0
SMB15566389,Adebayo,26,Female,Single,Secondary,Stable,Defaulted,7,49046.474897536355,Active,0,1,USSD,0,8,1,1,7,On-time,1,3833.2877539298393,0
SMB15566390,Olawale,57,Female,Divorced,Primary,Stable,Active,4,48315.66041904203,Active,1,0,USSD,1,5,4,12,0,On-time,4,689.1217992788135,0
SMB15566391,Ibrahim,42,Male,Married,Secondary,Stable,Defaulted,6,8885.913548918503,Active,1,1,Both,1,9,3,10,9,On-time,1,5245.930879586429,0
SMB15566392,Adesina,22,Male,Married,Primary,Stable,Cleared,13,9881.142497241593,Dormant,0,1,App,0,5,2,1,3,Late,0,5970.414468346839,0
SMB15566393,Olawale,28,Male,Single,Secondary,Decreasing,Active,3,28711.406816363346,Dormant,0,0,Both,1,9,4,0,3,On-time,0,7351.768501606795,1
SMB15566394,Olawale,76,Female,Married,Secondary,Stable,Active,7,32227.9364949879,Dormant,0,1,App,1,9,3,4,9,Late,4,3394.61488682953,0
SMB15566395,Olawale,55,Male,Married,Primary,Stable,Active,7,37231.47776962742,Active,1,1,USSD,1,5,1,12,8,Late,3,5905.31499603181,0
SMB15566396,Onuoha,89,Male,Married,None,Increasing,Defaulted,2,9871.467663135229,Dormant,1,1,None,1,8,0,2,5,Late,0,7341.473396604719,0
SMB15566397,Okafor,22,Male,Married,None,Increasing,Cleared,5,47991.347251457286,Active,1,0,USSD,0,9,2,10,3,On-time,1,7620.35148910024,0
SMB15566398,Chukwu,65,Female,Single,Secondary,Stable,Active,2,32298.223558172656,Active,1,1,Both,1,6,3,11,0,On-time,1,3016.418464500371,0
SMB15566399,Eze,35,Female,Married,Tertiary,Increasing,Cleared,4,42505.299024657186,Dormant,1,1,USSD,1,0,2,6,7,On-time,2,677.0393017812504,0
SMB15566400,Abdullahi,87,Male,Single,None,Stable,Active,3,27463.220048924417,Active,1,1,None,1,0,0,0,8,On-time,3,376.1947755155426,0
SMB15566401,Bello,54,Female,Married,Secondary,Stable,Defaulted,3,21299.565531904245,Dormant,0,1,App,0,3,0,8,4,Late,2,7680.602846925837,0
SMB15566402,Olawale,77,Female,Divorced,Primary,Stable,Cleared,1,48881.9624231548,Active,1,1,App,0,1,0,13,4,On-time,4,3854.389171812458,0
SMB15566403,Adekunle,65,Male,Single,Primary,Decreasing,Active,7,29523.947170171967,Dormant,0,1,USSD,0,2,4,1,9,Late,0,1339.4266280335155,1
SMB15566404,Okafor,45,Male,Married,Tertiary,Stable,Defaulted,4,43476.805557159765,Active,1,1,USSD,0,6,2,7,7,On-time,2,1844.8893552127222,0
SMB15566405,Adesina,86,Male,Single,Primary,Stable,Active,9,47711.327421948205,Active,0,0,USSD,1,6,4,9,7,Late,2,7661.504748031235,1
SMB15566406,Nwachukwu,57,Female,Married,Primary,Stable,Cleared,4,34092.3767234243,Active,1,1,None,1,2,0,3,4,On-time,4,5989.020006907649,0
SMB15566407,Adesina,62,Female,Divorced,None,Decreasing,Active,6,27897.995247415074,Active,0,1,App,1,1,3,5,3,On-time,1,5014.031661635709,0
SMB15566408,Ibrahim,79,Female,Single,None,Stable,Cleared,3,1172.0316946218804,Active,1,1,USSD,1,0,0,8,5,Late,1,6230.075856245327,0
SMB15566409,Bello,75,Female,Single,Primary,Stable,Active,8,2960.9623962112937,Dormant,0,1,App,0,8,4,6,9,On-time,4,1374.995541574241,1
SMB15566410,Eze,84,Male,Married,None,Stable,Cleared,6,10841.7095865047,Active,1,1,App,1,9,0,14,4,On-time,1,3190.4224291015703,0
SMB15566411,Adekunle,73,Female,Single,Secondary,Stable,Active,5,10114.413160943766,Active,1,0,USSD,1,2,0,7,7,On-time,4,3740.6351738507215,0
SMB15566412,Adesina,57,Male,Married,Primary,Increasing,Cleared,3,13483.180964792422,Active,0,1,USSD,1,8,4,14,8,On-time,1,3144.977693797888,0
SMB15566413,Eze,57,Male,Divorced,Secondary,Increasing,Active,11,15941.797247185381,Active,1,1,USSD,1,3,4,6,0,Late,4,8644.163121349362,0
SMB15566414,Bello,50,Female,Married,None,Stable,Cleared,7,18643.209183985684,Dormant,1,0,USSD,1,9,3,1,8,Late,1,5814.211446526173,0
SMB15566415,Olawale,23,Female,Single,Primary,Stable,Active,6,21606.346813374952,Dormant,0,1,USSD,1,5,4,8,8,On-time,2,7293.2140748389365,0
SMB15566416,Adekunle,36,Male,Married,Secondary,Stable,Active,6,5844.450584344719,Active,1,1,App,0,6,3,14,5,On-time,2,2367.0608987569653,0
SMB15566417,Eze,57,Female,Married,Tertiary,Stable,Defaulted,6,3075.73466568632,Active,1,1,USSD,1,9,1,0,9,On-time,1,2640.740372957504,0
SMB15566418,Ibrahim,76,Female,Single,None,Stable,Active,6,34023.27800457815,Dormant,1,1,App,1,5,1,13,4,Late,4,2253.3598307814627,0
SMB15566419,Chukwu,76,Male,Married,Tertiary,Increasing,Active,5,27329.40641731081,Active,0,1,None,0,0,4,1,6,Late,2,6879.795776455575,0
SMB15566420,Adebayo,65,Female,Married,Secondary,Decreasing,Cleared,8,22763.065908785862,Active,1,1,None,1,5,0,2,7,Late,0,3490.4099569051837,0
SMB15566421,Chukwu,58,Male,Married,Secondary,Decreasing,Cleared,6,32087.557117249264,Active,1,1,Both,1,5,2,2,8,On-time,1,4050.8413240416307,0
SMB15566422,Bello,30,Male,Single,Secondary,Decreasing,Active,8,41556.29095297348,Active,1,1,USSD,1,4,0,13,8,On-time,0,7091.21607838861,1
SMB15566423,Okafor,62,Male,Married,None,Increasing,Cleared,13,21956.952546694025,Active,1,0,USSD,1,2,4,9,9,On-time,0,9717.987018832055,0
SMB15566424,Adebayo,70,Female,Single,None,Increasing,Defaulted,4,32414.85378754699,Active,0,1,USSD,1,9,3,3,2,On-time,3,1618.75313733318,0
SMB15566425,Abdullahi,59,Female,Single,Secondary,Stable,Active,1,47725.038967922774,Dormant,0,0,USSD,0,2,0,4,7,Late,0,626.7626823480343,0
SMB15566426,Ibrahim,80,Male,Married,Primary,Increasing,Cleared,4,42141.60029721648,Active,1,1,App,0,9,1,5,0,On-time,0,1948.459319674609,0
SMB15566427,Abdullahi,44,Male,Married,Tertiary,Stable,Cleared,2,21874.039714618062,Active,1,1,None,1,6,4,0,6,Late,3,7349.6068496327825,0
SMB15566428,Onuoha,55,Female,Single,Primary,Stable,Cleared,7,32591.125052922405,Active,1,1,USSD,1,7,0,13,4,On-time,3,1946.2729104901632,0
SMB15566429,Adekunle,77,Male,Single,None,Increasing,Active,4,9676.475173881048,Active,0,1,USSD,1,2,0,12,1,Late,3,5843.524026248863,1
SMB15566430,Yusuf,24,Female,Single,Secondary,Stable,Cleared,5,28465.587059859405,Active,1,0,Both,0,2,3,7,1,On-time,4,5903.165364989821,0
SMB15566431,Adebayo,22,Female,Single,Primary,Stable,Active,8,49085.0862657837,Dormant,0,1,USSD,0,6,3,5,7,On-time,3,2944.2310029708106,1
SMB15566432,Abdullahi,62,Male,Single,Secondary,Decreasing,Active,6,26397.44064492359,Active,1,1,None,1,9,3,9,4,On-time,4,687.2627987662871,0
SMB15566433,Adesina,75,Female,Single,Secondary,Stable,Active,5,46454.27666031722,Dormant,1,1,USSD,0,6,2,8,2,Late,1,3992.0051745160467,0
SMB15566434,Abdullahi,48,Male,Married,Tertiary,Stable,Cleared,2,20959.411104659775,Active,1,1,None,1,8,4,4,0,On-time,4,1867.854222565356,1
SMB15566435,Eze,40,Female,Married,Secondary,Decreasing,Cleared,6,49943.39653204693,Dormant,0,1,USSD,1,5,4,6,6,Late,1,1844.7321026652407,0
SMB15566436,Chukwu,59,Female,Married,Secondary,Increasing,Cleared,5,29381.781726150333,Active,1,1,None,1,6,1,10,2,On-time,3,5225.88871028741,1
SMB15566437,Eze,27,Female,Married,Secondary,Increasing,Defaulted,6,3071.1807175607933,Active,1,1,USSD,0,9,1,3,6,On-time,3,6731.211380977536,0
SMB15566438,Onuoha,49,Male,Single,Tertiary,Stable,Active,3,29750.985037878017,Dormant,1,1,None,1,0,4,5,1,Late,1,754.15052266528,0
SMB15566439,Adebayo,70,Female,Divorced,Primary,Stable,Active,6,14454.062088300236,Active,0,1,USSD,1,6,0,5,3,On-time,2,5783.213986425008,0
SMB15566440,Adebayo,47,Male,Married,None,Decreasing,Active,6,2591.584779758841,Dormant,1,1,Both,0,1,4,12,1,On-time,4,2462.0164344846075,0
SMB15566441,Onuoha,56,Male,Married,Primary,Increasing,Active,4,41221.8119300385,Active,0,1,App,0,6,2,3,3,On-time,0,6732.980610196827,0
SMB15566442,Bello,48,Male,Married,Primary,Increasing,Cleared,7,14510.75221205704,Dormant,1,0,None,0,2,1,5,4,Late,3,8102.158362023667,0
SMB15566443,Eze,19,Female,Divorced,Secondary,Stable,Defaulted,4,40030.87914827843,Dormant,0,1,USSD,0,8,1,7,7,On-time,4,8070.136356658838,1
SMB15566444,Okonkwo,29,Male,Married,Secondary,Stable,Active,0,15122.661564837481,Dormant,0,0,USSD,1,4,1,10,1,On-time,4,3698.613582407343,0
SMB15566445,Adesina,56,Female,Single,Secondary,Decreasing,Active,9,10521.99133981494,Active,0,0,App,1,6,4,4,9,On-time,3,5672.696738775443,1
SMB15566446,Nwachukwu,83,Female,Married,None,Stable,Active,1,48722.84313111695,Active,0,0,None,1,7,1,1,2,On-time,1,7936.951838373802,0
SMB15566447,Chukwu,30,Male,Married,Secondary,Increasing,Defaulted,6,18720.62105999596,Dormant,0,0,App,1,1,1,8,9,On-time,3,608.1026148047719,0
SMB15566448,Adebayo,63,Female,Married,Primary,Stable,Cleared,4,30467.434360714862,Dormant,1,1,USSD,1,0,4,10,4,On-time,4,6056.243361723621,0
SMB15566449,Bello,44,Male,Married,Secondary,Increasing,Cleared,5,30889.093147909105,Dormant,0,0,USSD,0,6,0,3,8,Late,2,8365.219838244457,0
SMB15566450,Yusuf,34,Female,Single,Secondary,Decreasing,Cleared,6,28463.200626501588,Active,1,0,Both,1,5,1,3,9,On-time,1,3723.5699790152644,1
SMB15566451,Adesina,77,Female,Single,Primary,Increasing,Defaulted,8,45820.09143253952,Dormant,0,0,App,1,5,1,10,4,Late,3,4554.081139812868,1
SMB15566452,Eze,81,Male,Divorced,None,Stable,Active,4,34047.61249697656,Active,1,0,App,1,1,1,6,8,Late,0,6987.280685593499,0
SMB15566453,Chukwu,52,Female,Married,None,Increasing,Active,5,20782.91720114158,Active,1,0,USSD,1,2,2,9,3,Late,3,678.8471186569877,0
SMB15566454,Yusuf,87,Male,Married,Tertiary,Increasing,Cleared,10,43256.638841689426,Active,0,1,USSD,1,3,4,13,9,On-time,4,3856.3596042062554,0
SMB15566455,Eze,47,Male,Single,Tertiary,Stable,Cleared,5,9872.082056682255,Active,1,1,USSD,1,2,1,9,4,On-time,4,2957.1077022384893,0
SMB15566456,Abdullahi,88,Female,Single,Secondary,Decreasing,Active,7,27667.601122910455,Dormant,0,1,USSD,1,1,2,5,8,Late,0,169.94249587130804,0
SMB15566457,Yusuf,91,Male,Married,None,Increasing,Defaulted,6,47576.96822524406,Active,1,1,USSD,0,2,0,13,3,On-time,1,1959.7266123326008,1
SMB15566458,Onuoha,80,Male,Married,Primary,Decreasing,Defaulted,4,31644.483864140224,Dormant,1,0,USSD,1,5,0,3,4,On-time,4,3958.835655888493,0
SMB15566459,Sule,45,Male,Married,Secondary,Increasing,Cleared,3,41031.454073268935,Active,0,0,None,1,8,2,5,4,Late,1,1974.2870840057092,0
SMB15566460,Bello,77,Female,Married,Secondary,Stable,Cleared,5,33024.47555171445,Active,0,0,USSD,0,3,0,2,3,On-time,1,6023.983181945565,0
SMB15566461,Chukwu,54,Male,Married,None,Stable,Defaulted,4,42129.17231335663,Active,0,1,App,0,5,3,6,3,On-time,3,4486.526073363089,0
SMB15566462,Olawale,39,Male,Single,None,Stable,Defaulted,4,47279.90611241694,Active,0,0,Both,1,0,0,5,4,On-time,1,394.81294773384803,0
SMB15566463,Sule,85,Female,Married,Secondary,Decreasing,Active,5,14373.164649104103,Active,1,1,USSD,0,5,3,2,5,Late,4,2750.4026431251696,0
SMB15566464,Adekunle,37,Female,Married,Primary,Increasing,Active,2,9313.392981579223,Dormant,1,0,USSD,0,2,2,0,6,On-time,4,194.76770379214025,0
SMB15566465,Adekunle,85,Male,Married,Primary,Increasing,Active,7,24715.546766294454,Dormant,0,0,None,1,8,3,11,5,Late,2,3581.3517989447596,0
SMB15566466,Chukwu,81,Male,Married,None,Stable,Active,3,35391.25891438658,Active,0,1,Both,1,3,0,9,0,On-time,1,2591.100177458335,0
SMB15566467,Yusuf,34,Male,Divorced,Secondary,Stable,Cleared,5,12132.37140592859,Active,0,1,USSD,1,6,1,4,1,On-time,2,6881.8678216846165,0
SMB15566468,Eze,29,Male,Single,Tertiary,Increasing,Cleared,6,1200.9710710781867,Active,0,1,App,0,3,3,9,6,On-time,3,3074.0692559653226,0
SMB15566469,Bello,39,Male,Married,Tertiary,Stable,Active,8,17803.820675998562,Dormant,1,1,App,0,5,0,1,2,On-time,2,3751.58664584364,1
SMB15566470,Nwachukwu,34,Female,Single,Secondary,Stable,Cleared,5,48474.10743792164,Active,0,1,USSD,0,6,1,6,9,On-time,1,7253.339318632086,0
SMB15566471,Adekunle,27,Female,Married,Secondary,Increasing,Active,3,35053.40556968649,Active,1,1,USSD,0,1,2,12,1,On-time,4,4809.176759086528,0
SMB15566472,Bello,82,Female,Single,None,Stable,Active,3,20664.946753119973,Active,0,1,Both,0,9,2,6,5,Late,3,5564.543785958399,0
SMB15566473,Adekunle,39,Male,Single,Secondary,Stable,Active,5,10436.228769995176,Dormant,0,0,None,1,5,4,3,3,On-time,1,8413.466637474487,1
SMB15566474,Abdullahi,67,Female,Married,Primary,Stable,Active,7,18448.3940139826,Active,1,1,USSD,1,7,2,5,4,On-time,3,2068.8830545736837,0
SMB15566475,Eze,31,Male,Single,Secondary,Stable,Active,5,9322.13223176115,Active,1,1,Both,0,5,4,0,5,On-time,0,9891.855285275904,1
SMB15566476,Abdullahi,81,Female,Married,Primary,Decreasing,Defaulted,5,6208.985244334619,Dormant,1,1,USSD,0,1,2,1,2,Late,1,9001.05091840394,1
SMB15566477,Adesina,64,Female,Divorced,Primary,Stable,Defaulted,10,45430.37625605514,Dormant,1,1,App,1,3,2,14,0,On-time,0,2865.5282860106104,0
SMB15566478,Adekunle,46,Male,Single,None,Stable,Cleared,2,49884.86658039821,Dormant,1,1,Both,1,0,2,5,2,On-time,2,8929.3841762056,0
SMB15566479,Olawale,53,Female,Married,Primary,Stable,Active,6,9041.607540193725,Active,0,1,App,0,6,4,1,2,Late,1,7539.561582968135,1
SMB15566480,Olawale,69,Male,Married,None,Increasing,Active,7,3671.6053850357066,Dormant,1,1,USSD,1,7,4,11,5,On-time,0,9307.564719621518,0
SMB15566481,Abdullahi,24,Female,Married,None,Stable,Active,4,17156.824250164405,Dormant,1,1,USSD,0,9,3,11,3,On-time,4,6911.351881257458,0
SMB15566482,Onuoha,46,Male,Single,Tertiary,Increasing,Cleared,11,23621.29985730935,Dormant,0,1,None,0,1,0,10,6,On-time,2,6744.773829841586,0
SMB15566483,Sule,28,Male,Single,Primary,Stable,Active,5,11036.241106716869,Dormant,1,1,App,0,9,0,3,1,Late,1,34.644090975313176,0
SMB15566484,Olawale,50,Female,Single,Secondary,Stable,Cleared,4,15769.820678129365,Dormant,0,0,App,1,4,0,3,3,On-time,1,4746.115286750564,0
SMB15566485,Adekunle,23,Male,Single,Tertiary,Stable,Defaulted,1,10842.666048891228,Active,0,1,USSD,0,7,2,9,7,On-time,4,2002.68606178423,0
SMB15566486,Chukwu,49,Female,Single,Tertiary,Decreasing,Defaulted,11,38938.76785319011,Active,1,0,USSD,0,7,0,8,5,Late,4,3240.814591690073,0
SMB15566487,Abdullahi,68,Male,Married,Secondary,Decreasing,Defaulted,3,35916.31921911578,Dormant,1,1,None,0,4,4,14,9,On-time,0,9788.156339963416,1
SMB15566488,Adesina,75,Female,Married,Tertiary,Stable,Active,2,32112.624272288107,Active,1,1,App,1,7,3,9,2,Late,0,855.0195782617665,0
SMB15566489,Nwachukwu,43,Female,Married,Primary,Increasing,Active,7,19973.674996881033,Active,0,1,App,0,5,1,6,9,On-time,0,7224.864704537926,0
SMB15566490,Nwachukwu,63,Male,Married,Primary,Decreasing,Active,5,45543.006124397565,Active,1,1,Both,0,4,3,13,1,On-time,3,1729.4484187087323,0
SMB15566491,Okafor,46,Male,Single,Primary,Stable,Defaulted,1,48507.09453521598,Dormant,1,0,App,0,3,0,6,2,On-time,2,74.01339496148296,0
SMB15566492,Sule,21,Male,Single,Secondary,Decreasing,Active,6,9508.326318645188,Active,0,0,App,0,4,0,11,0,On-time,1,5014.187088479004,0
SMB15566493,Yusuf,30,Male,Single,Secondary,Stable,Active,4,11927.619429182025,Dormant,1,1,App,1,3,4,10,0,On-time,2,1612.1529875969309,0
SMB15566494,Eze,56,Male,Single,Primary,Decreasing,Cleared,9,26755.920372018114,Dormant,1,0,USSD,0,0,3,0,1,On-time,4,9654.662559815772,0
SMB15566495,Olawale,32,Female,Married,None,Increasing,Active,4,5471.277894830019,Active,1,1,USSD,0,2,4,10,2,On-time,2,2036.9673710929615,0
SMB15566496,Olawale,46,Female,Married,Secondary,Decreasing,Cleared,9,22385.97154233253,Active,0,1,Both,1,7,4,4,8,Late,2,1920.3527403486787,0
SMB15566497,Yusuf,46,Female,Single,None,Increasing,Cleared,5,29507.771974107796,Active,0,1,USSD,0,6,1,2,7,On-time,0,321.66924660838146,1
SMB15566498,Adebayo,49,Female,Single,Secondary,Stable,Active,2,26581.604985729322,Active,1,1,USSD,0,6,4,2,8,Late,4,3298.1963867891127,0
SMB15566499,Adesina,19,Female,Married,Secondary,Decreasing,Active,8,17214.520570823275,Active,1,1,None,0,2,4,5,6,Late,2,241.11674928999128,1
SMB15566500,Okonkwo,64,Female,Married,Secondary,Stable,Active,2,27579.844497783135,Active,1,1,USSD,1,8,1,3,6,Late,1,4988.866352431271,0
SMB15566501,Abdullahi,39,Male,Single,Secondary,Stable,Cleared,7,47981.24675868354,Dormant,0,0,USSD,1,5,2,7,4,Late,0,5056.106428274087,0
SMB15566502,Onuoha,44,Female,Divorced,Tertiary,Increasing,Cleared,9,11094.852810277427,Active,1,0,USSD,1,7,2,13,6,On-time,2,532.4328706398595,0
SMB15566503,Adesina,84,Female,Divorced,Primary,Increasing,Cleared,3,33086.73656130618,Dormant,1,1,USSD,1,7,1,3,3,Late,4,2400.6227698741623,0
SMB15566504,Ibrahim,73,Female,Single,Secondary,Decreasing,Cleared,3,3126.4380136465406,Active,0,1,USSD,1,2,4,7,4,Late,1,8321.064851443518,0
SMB15566505,Olawale,38,Male,Single,Secondary,Stable,Cleared,6,4254.403819590312,Dormant,1,0,None,1,3,0,13,0,Late,4,4625.447729253665,0
SMB15566506,Eze,64,Male,Married,None,Increasing,Active,7,28039.582986955666,Active,1,1,App,1,5,3,11,3,On-time,4,4346.100415857716,0
SMB15566507,Okafor,76,Male,Divorced,None,Increasing,Active,2,6142.019836069524,Dormant,0,1,USSD,0,1,0,14,2,Late,4,6987.769473617982,0
SMB15566508,Nwachukwu,23,Female,Married,Primary,Stable,Cleared,9,2094.9926329160094,Dormant,0,1,USSD,0,6,0,11,1,Late,3,7148.819434892723,1
SMB15566509,Olawale,36,Male,Single,Primary,Stable,Active,5,9404.136884753087,Dormant,1,1,None,1,1,4,3,1,Late,1,7619.626007956865,1
SMB15566510,Okafor,74,Male,Single,Secondary,Stable,Active,5,28677.60937897915,Active,1,1,USSD,1,4,3,2,7,On-time,4,8304.823250861944,0
SMB15566511,Adekunle,86,Female,Married,Tertiary,Stable,Cleared,3,35463.706771427685,Dormant,1,1,USSD,0,3,3,4,0,On-time,3,2322.5064640236947,0
SMB15566512,Adesina,20,Male,Married,None,Decreasing,Defaulted,6,10921.449642927619,Active,0,1,App,1,8,2,11,7,Late,0,663.8060727935102,0
SMB15566513,Adekunle,18,Male,Single,None,Increasing,Cleared,6,33744.71242320055,Active,0,1,App,0,1,1,12,8,On-time,3,3802.6487861332093,1
SMB15566514,Okonkwo,75,Male,Married,Tertiary,Increasing,Cleared,4,9941.340223862238,Active,1,1,USSD,0,6,4,4,5,On-time,0,8550.979106231523,0
SMB15566515,Chukwu,55,Female,Married,None,Decreasing,Active,6,31059.4139049316,Active,1,1,USSD,0,6,3,9,0,Late,3,780.2866428556798,0
SMB15566516,Ibrahim,32,Female,Married,Primary,Stable,Cleared,8,21186.024314894144,Active,0,0,USSD,1,6,4,9,9,On-time,4,5759.537988029501,0
SMB15566517,Adesina,51,Male,Married,Secondary,Decreasing,Active,4,33036.17595734722,Dormant,1,0,Both,0,0,2,0,6,On-time,3,7010.829491413933,1
SMB15566518,Adebayo,78,Female,Married,Secondary,Stable,Active,6,49757.584871483115,Active,0,1,Both,1,7,0,14,4,On-time,3,4814.072132822972,0
SMB15566519,Okonkwo,52,Male,Married,None,Decreasing,Defaulted,4,46953.03129639554,Active,0,1,USSD,1,1,3,7,8,On-time,4,2551.7544360660804,1
SMB15566520,Bello,81,Female,Married,None,Stable,Active,9,1209.8061339690778,Active,0,1,USSD,1,4,2,7,6,On-time,0,3263.0948182336297,0
SMB15566521,Adebayo,42,Female,Single,None,Decreasing,Defaulted,5,44386.49945375298,Dormant,0,1,App,0,1,4,7,4,On-time,4,716.5209798358608,0
SMB15566522,Sule,41,Female,Married,Secondary,Stable,Active,7,4258.04896356356,Active,1,0,App,1,4,2,13,1,On-time,1,2925.835473386801,0
SMB15566523,Abdullahi,29,Male,Single,Secondary,Stable,Defaulted,2,47699.2827218324,Active,1,1,USSD,0,6,2,9,3,On-time,3,443.780075612743,0
SMB15566524,Eze,35,Female,Married,Primary,Increasing,Active,4,14809.45827588455,Dormant,1,0,Both,0,5,2,3,1,Late,1,7263.249981339685,0
SMB15566525,Adesina,32,Female,Single,Secondary,Stable,Cleared,4,19719.706690152278,Active,1,1,USSD,1,4,2,12,8,On-time,4,8979.952785116864,0
SMB15566526,Bello,44,Male,Single,Tertiary,Increasing,Cleared,7,5490.272053610664,Active,1,1,USSD,0,3,2,13,1,On-time,4,6335.13128453593,0
SMB15566527,Bello,89,Female,Single,None,Stable,Active,3,6501.3651581165705,Active,1,1,App,0,7,2,8,1,On-time,2,6567.032229331867,0
SMB15566528,Okonkwo,77,Male,Single,Primary,Increasing,Active,4,36610.287696236664,Dormant,1,0,USSD,0,7,1,9,1,Late,1,4721.423371403862,0
SMB15566529,Yusuf,63,Female,Married,Secondary,Stable,Active,3,47272.27955166629,Dormant,1,1,App,1,0,4,2,0,Late,2,1560.3644920510806,0
SMB15566530,Sule,34,Male,Married,Primary,Stable,Active,3,30926.676252761165,Active,1,1,USSD,0,9,0,6,8,On-time,1,77.2514125336965,0
SMB15566531,Chukwu,70,Female,Married,Primary,Stable,Cleared,2,36076.65076081374,Active,1,1,USSD,1,1,4,5,7,On-time,2,3439.759976105711,0
SMB15566532,Adesina,25,Male,Single,Secondary,Stable,Cleared,10,38336.51748526052,Active,0,1,None,1,2,3,8,1,On-time,2,7514.885573709561,0
SMB15566533,Yusuf,44,Male,Single,Tertiary,Stable,Active,3,13877.899453094144,Dormant,1,1,USSD,1,0,3,11,1,Late,1,9604.315793155816,0
SMB15566534,Okonkwo,63,Male,Single,Tertiary,Stable,Active,2,3216.2519150905314,Dormant,1,1,USSD,1,2,4,13,4,On-time,4,4310.84925741899,0
SMB15566535,Abdullahi,67,Male,Single,Secondary,Stable,Active,6,1091.7644520392607,Active,1,1,Both,0,9,2,12,3,On-time,0,3653.91012333533,0
SMB15566536,Nwachukwu,88,Male,Married,Secondary,Stable,Cleared,4,18181.814864746913,Active,0,0,USSD,0,7,1,3,1,Late,4,4459.5850633138125,0
SMB15566537,Olawale,20,Male,Single,Primary,Increasing,Active,6,12831.747181761588,Dormant,1,1,App,0,3,0,3,7,Late,0,4277.7489580419315,0
SMB15566538,Olawale,81,Female,Single,Secondary,Decreasing,Cleared,2,4053.5685274100965,Dormant,1,1,USSD,0,6,2,5,7,On-time,1,6258.79832998645,0
SMB15566539,Chukwu,61,Male,Single,Primary,Stable,Cleared,4,9796.886332189672,Dormant,0,1,App,1,6,4,7,3,Late,3,7341.473970980933,0
SMB15566540,Abdullahi,70,Male,Single,None,Increasing,Active,9,7100.4460151294425,Dormant,1,0,USSD,0,4,4,2,3,On-time,4,7849.580232545802,0
SMB15566541,Onuoha,41,Female,Married,Secondary,Increasing,Defaulted,10,45829.04065025115,Dormant,0,0,USSD,0,0,1,10,8,Late,2,6496.048094347479,0
SMB15566542,Chukwu,77,Male,Married,Secondary,Stable,Cleared,5,7873.093459499278,Active,0,0,USSD,1,9,1,7,3,On-time,4,4377.23958787358,0
SMB15566543,Adesina,20,Female,Single,Primary,Increasing,Defaulted,2,27344.77473539628,Active,1,1,USSD,1,3,4,13,9,On-time,1,9501.037555515384,1
SMB15566544,Adesina,37,Female,Single,Tertiary,Stable,Active,3,30062.191800496064,Active,1,1,USSD,1,6,2,7,8,On-time,3,7110.196963712663,0
SMB15566545,Okafor,63,Female,Single,None,Increasing,Active,7,27630.983427723055,Dormant,1,1,USSD,1,4,2,13,2,On-time,3,4266.580408461776,0
SMB15566546,Yusuf,32,Female,Single,Primary,Stable,Cleared,6,5853.765276583411,Active,1,1,Both,1,1,2,13,1,On-time,4,4465.817770955044,0
SMB15566547,Onuoha,42,Female,Single,None,Increasing,Cleared,4,16621.11972577701,Active,0,1,App,1,7,0,6,7,On-time,4,8179.808499290154,0
SMB15566548,Olawale,88,Male,Divorced,Secondary,Increasing,Cleared,2,3512.24629069451,Active,0,1,Both,0,1,0,6,2,On-time,4,4405.408877224377,0
SMB15566549,Bello,34,Male,Married,Secondary,Stable,Cleared,7,20387.825790719486,Active,0,1,USSD,1,7,2,4,1,On-time,1,5162.7362277909115,1
SMB15566550,Yusuf,26,Male,Married,Primary,Stable,Cleared,6,10241.347632308009,Dormant,0,1,Both,1,1,4,1,7,Late,0,2915.5229191962408,0
SMB15566551,Ibrahim,55,Female,Married,Secondary,Decreasing,Cleared,7,28519.99413093461,Active,1,1,App,0,4,1,11,7,On-time,0,8389.148338852985,0
SMB15566552,Adesina,65,Male,Married,Primary,Stable,Active,7,34947.61129860592,Active,1,1,USSD,0,3,3,13,4,On-time,2,5222.8548030332,0
SMB15566553,Sule,77,Female,Married,Secondary,Increasing,Defaulted,3,27073.873150030617,Dormant,0,0,USSD,1,0,1,14,8,On-time,1,5525.359383894278,0
SMB15566554,Eze,80,Female,Married,Primary,Decreasing,Cleared,3,22277.598133958392,Active,0,1,USSD,1,7,1,1,5,On-time,3,8806.754027133988,0
SMB15566555,Abdullahi,19,Female,Married,Primary,Increasing,Cleared,4,19979.337621977927,Dormant,1,1,None,0,9,3,12,4,On-time,2,9205.172678472096,0
SMB15566556,Adebayo,89,Male,Single,Tertiary,Increasing,Cleared,5,42242.89663675318,Dormant,0,1,None,0,2,2,11,2,On-time,3,8241.9379666652,0
SMB15566557,Chukwu,28,Male,Married,Primary,Increasing,Active,2,11749.035188198233,Dormant,1,1,None,1,3,1,9,6,On-time,3,653.7041297730839,0
SMB15566558,Adesina,81,Female,Married,None,Decreasing,Cleared,4,36976.698636914574,Dormant,1,0,App,1,3,3,11,8,On-time,4,4435.0910178011445,0
SMB15566559,Yusuf,89,Female,Married,Secondary,Stable,Cleared,7,38116.63391226583,Active,0,1,USSD,0,4,4,7,3,Late,3,3433.309391524254,0
SMB15566560,Onuoha,38,Male,Married,Tertiary,Stable,Active,5,21540.80035626599,Active,0,1,USSD,0,2,4,10,6,On-time,3,2135.147813291187,0
SMB15566561,Eze,35,Male,Married,Primary,Stable,Defaulted,6,15567.729362056327,Active,1,1,App,1,8,4,5,2,On-time,1,9089.538758457858,0
SMB15566562,Sule,81,Female,Single,None,Decreasing,Active,4,24056.532816252788,Active,0,0,App,0,3,2,7,1,On-time,4,8900.689583145038,0
SMB15566563,Yusuf,55,Female,Married,Primary,Increasing,Active,9,5567.482368742227,Active,0,1,Both,1,9,1,2,0,Late,4,4652.978832832506,0
SMB15566564,Adebayo,49,Female,Single,Secondary,Stable,Active,2,3250.571579225409,Active,0,1,USSD,0,3,1,0,5,On-time,2,1345.608506728635,1
SMB15566565,Eze,28,Female,Single,None,Decreasing,Defaulted,6,6468.556773142697,Dormant,1,1,USSD,0,5,0,12,4,Late,4,133.65620331787454,1
SMB15566566,Ibrahim,62,Female,Single,Secondary,Stable,Defaulted,4,10170.106541649082,Active,1,0,USSD,0,7,4,5,1,On-time,0,4384.6708056481875,1
SMB15566567,Adebayo,50,Male,Married,Tertiary,Stable,Cleared,3,25704.664196564107,Active,0,0,USSD,0,6,2,1,2,On-time,1,399.55148573543096,0
SMB15566568,Okonkwo,58,Male,Single,Primary,Increasing,Cleared,6,42607.695171894986,Active,1,1,USSD,0,3,3,11,8,Late,2,6095.5594191976015,1
SMB15566569,Adekunle,25,Male,Single,Primary,Stable,Cleared,7,12546.474267984662,Active,1,1,USSD,0,3,2,14,2,Late,0,6084.08870880069,0
SMB15566570,Okonkwo,28,Male,Married,Primary,Decreasing,Active,8,46822.93852659212,Dormant,1,1,Both,1,4,1,8,6,On-time,3,8989.394479174483,0
SMB15566571,Olawale,68,Female,Single,None,Stable,Active,9,47790.48753781517,Active,0,1,None,0,9,4,4,0,On-time,0,1900.491282893566,0
SMB15566572,Yusuf,58,Female,Married,Tertiary,Decreasing,Cleared,5,47986.32563741506,Dormant,1,1,None,1,4,0,4,6,On-time,2,3713.94242413544,1
SMB15566573,Adesina,34,Female,Married,Primary,Increasing,Active,4,42040.573999139866,Active,1,1,None,0,0,2,12,8,Late,4,8595.453887842788,0
SMB15566574,Adesina,63,Male,Single,Primary,Stable,Cleared,3,18827.426999088308,Active,0,0,App,1,7,0,9,7,On-time,1,4742.96502490115,0
SMB15566575,Adesina,49,Female,Married,Secondary,Decreasing,Cleared,7,4561.51163912853,Active,0,1,USSD,0,9,1,7,6,On-time,2,597.2328897194424,1
SMB15566576,Sule,71,Female,Single,Primary,Increasing,Defaulted,4,28872.11785655825,Dormant,0,1,USSD,0,4,3,5,9,On-time,0,1107.839115955286,0
SMB15566577,Adekunle,37,Female,Married,Secondary,Stable,Cleared,8,28375.390752924453,Active,0,1,None,1,2,2,2,7,On-time,0,8134.545715784511,0
SMB15566578,Okonkwo,50,Female,Married,None,Stable,Active,8,42648.81258837018,Active,0,1,USSD,1,2,1,8,3,On-time,2,7436.974300285129,0
SMB15566579,Adekunle,91,Male,Married,Tertiary,Decreasing,Active,1,49803.56149635915,Active,1,1,None,1,3,4,9,1,On-time,2,8758.815171667919,0
SMB15566580,Nwachukwu,57,Male,Married,Tertiary,Stable,Cleared,5,25899.70802144723,Dormant,1,0,USSD,1,6,2,3,8,On-time,2,1188.6116590914376,0
SMB15566581,Yusuf,49,Male,Single,Secondary,Stable,Active,4,17914.99752094943,Dormant,0,1,None,1,4,0,9,2,On-time,4,7604.167437965275,1
SMB15566582,Adekunle,19,Male,Single,Tertiary,Stable,Cleared,3,10109.183866257083,Active,1,1,App,0,0,2,3,3,On-time,2,6551.043649581891,0
SMB15566583,Bello,50,Male,Married,None,Stable,Active,2,1235.191416051166,Active,1,1,USSD,1,4,1,11,6,On-time,3,2322.932411410428,0
SMB15566584,Chukwu,47,Female,Married,Primary,Increasing,Defaulted,8,25946.57093195508,Dormant,1,1,App,1,4,1,12,1,On-time,1,9739.04385555611,0
SMB15566585,Chukwu,50,Female,Married,Secondary,Stable,Defaulted,8,28220.41466842719,Dormant,1,0,USSD,1,5,0,1,7,On-time,1,5703.548191512311,0
SMB15566586,Bello,43,Female,Married,Secondary,Stable,Cleared,3,41421.98551105247,Dormant,0,1,USSD,1,6,1,2,9,On-time,3,9068.779753971354,0
SMB15566587,Eze,39,Female,Married,Primary,Stable,Active,4,25724.27142674723,Dormant,1,1,None,0,4,2,3,7,On-time,0,8590.931342069864,0
SMB15566588,Okafor,83,Male,Married,Primary,Stable,Active,12,45906.94908463677,Dormant,1,0,USSD,0,1,0,6,4,Late,0,3331.254605226116,0
SMB15566589,Sule,55,Female,Single,None,Decreasing,Cleared,3,31776.090352000338,Active,1,1,USSD,1,1,1,12,8,On-time,0,5359.568619868132,0
SMB15566590,Eze,63,Male,Married,Primary,Stable,Active,3,42176.475672833076,Dormant,1,0,USSD,1,3,1,2,7,On-time,0,4313.682994046717,0
SMB15566591,Adebayo,32,Male,Married,None,Decreasing,Cleared,4,8266.785005579608,Dormant,0,1,App,1,0,2,7,0,On-time,4,7090.775702600757,0
SMB15566592,Onuoha,61,Male,Single,Secondary,Stable,Defaulted,3,42911.47038481342,Active,0,1,App,1,6,1,7,8,On-time,3,5880.420045434277,0
SMB15566593,Sule,66,Male,Married,Primary,Stable,Cleared,4,34082.04886774857,Active,1,1,App,0,0,2,9,4,On-time,1,7848.535330372412,0
SMB15566594,Sule,78,Male,Married,None,Decreasing,Cleared,6,9341.418589478197,Dormant,1,0,None,0,2,4,10,8,On-time,3,117.52259597984538,0
SMB15566595,Adebayo,84,Male,Married,Secondary,Stable,Active,4,10298.414349154533,Active,1,1,USSD,0,9,2,1,8,On-time,1,6877.932614145584,0
SMB15566596,Adekunle,23,Male,Single,Secondary,Increasing,Defaulted,3,46398.53033316685,Dormant,0,1,None,1,6,3,3,9,On-time,0,3190.6515521965493,0
SMB15566597,Okonkwo,26,Female,Single,Tertiary,Decreasing,Cleared,8,2578.5526620682713,Active,1,1,USSD,1,5,1,7,9,On-time,4,2242.22139889418,1
SMB15566598,Okonkwo,23,Male,Married,Secondary,Stable,Defaulted,2,23664.2122214896,Active,1,1,USSD,0,6,4,0,2,Late,2,8012.413663586723,0
SMB15566599,Chukwu,90,Male,Divorced,Primary,Stable,Cleared,3,16360.289206770976,Active,1,0,None,1,4,0,0,7,Late,2,892.2121118818538,1
SMB15566600,Abdullahi,49,Male,Single,Tertiary,Increasing,Defaulted,7,33588.79455992297,Active,0,1,App,0,7,3,13,6,Late,0,2284.600450991412,1
SMB15566601,Eze,58,Female,Single,Secondary,Stable,Active,3,42141.83999088061,Active,0,1,USSD,0,5,0,13,6,On-time,0,2037.3434109977818,0
SMB15566602,Nwachukwu,25,Male,Married,None,Stable,Active,7,18658.527956271908,Active,1,1,USSD,1,3,3,3,9,Late,3,4198.254450597019,0
SMB15566603,Yusuf,89,Male,Single,Secondary,Stable,Cleared,5,21918.202278819022,Dormant,1,1,None,0,0,4,10,1,Late,4,3223.36784557261,1
SMB15566604,Olawale,67,Male,Married,Tertiary,Stable,Active,2,49113.971440569294,Dormant,1,1,USSD,1,1,4,1,1,Late,4,7204.683171096702,0
SMB15566605,Ibrahim,79,Male,Divorced,Primary,Increasing,Cleared,9,39411.90897428094,Active,1,1,Both,1,5,4,0,1,On-time,3,6993.698806014765,0
SMB15566606,Okonkwo,79,Male,Single,Primary,Stable,Cleared,4,44963.00241565778,Active,1,1,USSD,1,3,3,7,1,Late,4,3254.70891106039,0
SMB15566607,Yusuf,24,Male,Married,None,Stable,Active,3,22499.348811929856,Active,0,0,Both,0,2,2,1,3,On-time,4,4369.807761457952,0
SMB15566608,Ibrahim,21,Male,Single,None,Increasing,Active,1,12469.733995221646,Active,0,1,None,0,6,0,3,6,On-time,2,2079.08184179773,0
SMB15566609,Yusuf,23,Male,Single,Primary,Stable,Cleared,2,21181.309803936132,Active,0,0,USSD,1,6,2,2,1,On-time,4,6708.349004962706,1
SMB15566610,Adekunle,75,Male,Married,Secondary,Stable,Active,6,36088.50397374416,Active,0,1,App,1,1,2,14,4,Late,0,3962.227401325755,0
SMB15566611,Ibrahim,39,Female,Married,None,Increasing,Cleared,10,6362.089836962987,Active,1,0,USSD,1,7,1,1,6,Late,2,1328.2610444221532,0
SMB15566612,Olawale,43,Female,Divorced,Tertiary,Stable,Defaulted,6,14252.986175208933,Active,1,1,None,0,0,0,7,8,On-time,0,1272.6549191151125,0
SMB15566613,Yusuf,20,Male,Married,Secondary,Increasing,Defaulted,6,3285.159122617929,Active,0,0,USSD,0,9,3,2,7,On-time,0,3223.206784211755,0
SMB15566614,Bello,58,Male,Single,Secondary,Decreasing,Cleared,2,22185.039178568448,Dormant,1,0,USSD,1,6,1,14,8,On-time,3,7473.2502863619575,0
SMB15566615,Olawale,77,Female,Single,Tertiary,Stable,Active,4,41544.84106300105,Active,1,1,App,1,9,1,8,6,On-time,4,255.04336131500384,1
SMB15566616,Ibrahim,31,Male,Single,None,Increasing,Defaulted,5,2208.520726602529,Dormant,1,0,App,0,0,4,9,2,On-time,4,2577.7469318288217,0
SMB15566617,Olawale,29,Male,Single,Primary,Stable,Active,8,34090.85281355114,Dormant,0,1,App,0,2,3,4,0,On-time,4,1624.861588887573,0
SMB15566618,Yusuf,29,Female,Single,Secondary,Stable,Active,5,46692.29785117324,Dormant,1,1,USSD,1,2,2,8,9,Late,4,9564.778213056148,0
SMB15566619,Okafor,30,Male,Single,Tertiary,Decreasing,Defaulted,3,12609.465214047932,Dormant,0,0,USSD,0,9,2,2,6,On-time,2,7052.816039710264,1
SMB15566620,Yusuf,42,Male,Married,Secondary,Decreasing,Cleared,1,34988.10719565476,Active,1,1,USSD,0,1,2,11,5,On-time,1,2332.3268411894614,0
SMB15566621,Yusuf,62,Male,Married,Primary,Stable,Active,7,48779.99315390982,Active,1,1,App,0,9,4,4,1,Late,0,2074.605854361946,1
SMB15566622,Adekunle,36,Female,Married,Tertiary,Increasing,Defaulted,7,48151.6249474707,Active,0,1,Both,0,4,2,13,0,Late,1,8580.305453872767,0
SMB15566623,Eze,72,Male,Married,None,Decreasing,Cleared,4,12511.53045842802,Dormant,1,1,None,1,3,0,9,9,Late,1,1902.266964164131,0
SMB15566624,Bello,62,Female,Single,Tertiary,Decreasing,Active,4,5916.221607391366,Dormant,1,1,USSD,0,5,2,5,3,On-time,1,9970.592001972269,0
SMB15566625,Nwachukwu,25,Female,Single,Tertiary,Increasing,Active,4,8265.844356899881,Dormant,1,1,USSD,0,1,2,8,3,Late,2,2823.031200113997,0
SMB15566626,Okonkwo,70,Male,Married,None,Stable,Cleared,9,35399.747755624965,Active,1,0,USSD,0,3,0,7,5,On-time,1,843.3271486953497,0
SMB15566627,Sule,72,Male,Married,Secondary,Stable,Cleared,1,36562.1848972105,Dormant,0,1,USSD,0,6,4,1,4,Late,2,6909.418940168582,0
SMB15566628,Adebayo,49,Male,Single,None,Decreasing,Defaulted,3,34037.59151978175,Active,0,1,USSD,1,0,1,1,8,Late,3,6096.427925841737,1
SMB15566629,Eze,68,Male,Married,Primary,Stable,Cleared,4,17467.840999369666,Active,1,1,None,0,2,3,12,7,Late,3,9998.221653614568,0
SMB15566630,Adebayo,61,Male,Married,Secondary,Increasing,Active,3,9319.070048147985,Dormant,0,1,App,1,0,4,4,8,On-time,3,8020.857443719751,0
SMB15566631,Adekunle,87,Female,Married,Secondary,Stable,Cleared,3,29457.293505660404,Active,1,1,App,0,1,2,4,9,On-time,2,4288.365331332391,1
SMB15566632,Bello,35,Female,Single,Tertiary,Stable,Defaulted,8,24700.341842135458,Dormant,0,0,Both,0,8,1,4,6,Late,2,6766.114481630836,0
SMB15566633,Adesina,39,Female,Married,Secondary,Stable,Defaulted,11,36712.87320899287,Active,0,1,None,0,9,3,3,8,Late,0,8178.4945360335205,1
SMB15566634,Yusuf,54,Male,Married,Primary,Decreasing,Active,4,22626.643855595452,Dormant,1,1,USSD,0,4,3,7,2,On-time,1,5137.265254432951,0
SMB15566635,Adesina,73,Female,Married,Tertiary,Stable,Active,2,17593.34503963695,Active,0,0,USSD,1,3,3,10,8,Late,4,2728.7145073521156,1
SMB15566636,Adesina,76,Female,Married,Tertiary,Increasing,Active,3,15380.450290591705,Dormant,1,0,USSD,0,3,0,4,1,On-time,4,2101.0564228636963,0
SMB15566637,Onuoha,20,Female,Married,None,Stable,Cleared,4,11362.04568243758,Dormant,1,0,USSD,1,7,0,0,8,On-time,1,2952.8143661361437,0
SMB15566638,Chukwu,45,Male,Married,Tertiary,Stable,Defaulted,2,14021.57243314641,Dormant,1,1,App,0,2,1,9,5,On-time,4,8480.687816698051,0
SMB15566639,Adesina,91,Female,Single,None,Stable,Defaulted,7,5646.691503360967,Active,1,1,None,0,3,2,13,3,On-time,4,3804.323724887353,0
SMB15566640,Okonkwo,52,Male,Married,Tertiary,Increasing,Active,2,17995.993535515587,Dormant,0,0,Both,0,1,1,4,1,On-time,4,2866.6415856631743,1
SMB15566641,Okafor,78,Male,Married,Primary,Stable,Active,11,2791.920805784952,Active,1,0,App,1,5,2,0,9,Late,2,8058.872277950811,1
SMB15566642,Chukwu,71,Male,Married,None,Stable,Cleared,5,10134.278511150014,Active,1,1,App,0,8,4,3,2,On-time,2,319.20341774543505,0
SMB15566643,Adekunle,80,Female,Single,Primary,Stable,Defaulted,5,37591.751786352026,Active,1,1,App,0,3,3,0,4,On-time,2,5939.582709303421,0
SMB15566644,Sule,24,Female,Single,Secondary,Stable,Defaulted,4,16947.98044515451,Dormant,1,1,USSD,0,5,3,5,8,Late,1,8736.318031862716,0
SMB15566645,Eze,66,Male,Married,Primary,Decreasing,Active,4,33743.613831889845,Active,1,1,App,0,3,0,5,6,Late,3,4100.837490556074,0
SMB15566646,Okafor,48,Male,Married,None,Decreasing,Cleared,4,36127.32460426659,Dormant,1,1,USSD,1,1,4,0,2,On-time,4,2693.1816135928443,0
SMB15566647,Olawale,75,Male,Divorced,Secondary,Stable,Active,3,29478.081793873564,Dormant,1,0,App,1,5,4,11,3,On-time,0,4917.090694359564,0
SMB15566648,Ibrahim,78,Male,Married,Tertiary,Increasing,Active,5,47976.189326904525,Active,0,1,None,1,6,2,7,1,On-time,2,7174.771676920794,0
SMB15566649,Onuoha,41,Male,Married,Primary,Decreasing,Defaulted,9,2050.5534645325497,Dormant,0,1,USSD,1,3,4,13,7,Late,0,5166.055630351994,0
SMB15566650,Okafor,37,Male,Married,Primary,Stable,Active,5,37193.979878818966,Active,1,1,USSD,1,6,0,3,5,On-time,4,76.3899462577311,0
SMB15566651,Nwachukwu,54,Female,Married,Primary,Decreasing,Active,2,47980.545553079995,Dormant,0,1,USSD,0,7,2,1,2,On-time,3,783.2455610801592,0
SMB15566652,Adesina,21,Male,Married,None,Decreasing,Cleared,6,43251.31473829402,Active,0,1,USSD,1,2,1,12,4,Late,0,7213.284230897014,0
SMB15566653,Adekunle,37,Male,Married,Tertiary,Stable,Cleared,7,9226.741898445653,Active,0,1,USSD,0,1,2,13,4,On-time,4,3999.513348754986,0
SMB15566654,Abdullahi,77,Male,Single,Tertiary,Stable,Cleared,5,17014.19500633487,Active,1,1,App,0,4,1,0,0,On-time,4,7847.758312702351,0
SMB15566655,Ibrahim,41,Female,Married,Secondary,Decreasing,Defaulted,7,9450.140153946804,Active,0,1,USSD,1,1,2,10,4,Late,2,6494.89914105909,0
SMB15566656,Adebayo,67,Female,Married,Primary,Increasing,Active,7,30464.1098269205,Active,1,1,USSD,1,9,3,2,5,On-time,3,5815.158343218788,0
SMB15566657,Okonkwo,66,Female,Single,Secondary,Stable,Active,8,35897.211116995124,Active,0,1,USSD,1,4,1,6,9,On-time,4,9013.751683784112,0
SMB15566658,Adebayo,68,Male,Single,Secondary,Stable,Cleared,7,16536.614698789854,Active,1,0,USSD,1,9,0,9,9,Late,3,213.2207348071269,0
SMB15566659,Okafor,53,Female,Single,Tertiary,Stable,Defaulted,3,27435.82212523048,Active,1,0,USSD,0,5,1,10,1,Late,2,1550.343613978017,0
SMB15566660,Sule,83,Male,Single,Secondary,Increasing,Cleared,4,34855.10793348856,Active,1,1,App,0,7,1,9,2,On-time,0,6243.759554919758,0
SMB15566661,Adebayo,51,Female,Single,Secondary,Increasing,Active,4,21645.65101394137,Dormant,0,0,None,0,5,2,7,9,On-time,1,658.2804655009544,1
SMB15566662,Nwachukwu,53,Female,Married,Secondary,Decreasing,Defaulted,3,42846.760992317504,Active,1,1,USSD,1,3,3,4,4,Late,1,6449.704850606913,0
SMB15566663,Adekunle,23,Female,Divorced,Primary,Stable,Active,7,38805.94682910304,Dormant,1,0,USSD,1,2,2,6,2,On-time,1,9841.210770252677,0
SMB15566664,Olawale,56,Female,Married,Tertiary,Increasing,Defaulted,7,4168.611648677963,Dormant,1,1,USSD,0,1,2,1,4,On-time,3,8788.080989945338,0
SMB15566665,Sule,59,Female,Single,Secondary,Increasing,Cleared,3,31435.13965545062,Dormant,1,1,USSD,0,0,3,11,4,On-time,1,5909.169240254285,0
SMB15566666,Eze,75,Male,Single,Secondary,Stable,Cleared,7,12530.95199702773,Dormant,1,1,App,0,1,2,11,7,On-time,0,8939.766743059621,0
SMB15566667,Okonkwo,29,Female,Married,Primary,Stable,Defaulted,8,28318.394968696488,Active,1,0,USSD,1,1,3,14,9,Late,4,1162.6815126626523,0
SMB15566668,Nwachukwu,20,Male,Single,Secondary,Decreasing,Defaulted,3,47887.53368901535,Dormant,1,1,USSD,1,4,0,3,8,On-time,3,4546.941649255641,0
SMB15566669,Nwachukwu,35,Male,Married,Secondary,Decreasing,Cleared,4,44074.038223060255,Active,1,1,USSD,0,8,3,5,7,Late,0,4286.7611581207575,1
SMB15566670,Adebayo,57,Male,Married,None,Stable,Cleared,7,20821.303752641452,Dormant,1,1,USSD,1,0,4,11,2,Late,3,3364.4758699299105,0
SMB15566671,Adesina,38,Male,Married,None,Increasing,Active,1,15284.179058873317,Dormant,1,0,App,1,3,3,11,0,Late,3,2.013981343104154,0
SMB15566672,Adebayo,32,Male,Single,Secondary,Stable,Defaulted,4,12485.881476004692,Active,1,0,USSD,0,9,3,11,2,Late,3,8910.290186112521,0
SMB15566673,Okafor,43,Male,Married,Secondary,Increasing,Active,2,27093.228618069483,Dormant,0,1,USSD,1,6,4,11,0,Late,2,7777.066101527949,1
SMB15566674,Eze,25,Male,Single,Secondary,Increasing,Defaulted,2,6598.17420964476,Active,1,0,App,0,9,3,13,8,On-time,4,6528.575155997888,0
SMB15566675,Chukwu,59,Female,Divorced,Primary,Increasing,Defaulted,5,27914.47539828418,Active,1,1,USSD,0,2,1,11,2,On-time,1,1289.6684385163403,0
SMB15566676,Sule,61,Male,Married,Secondary,Decreasing,Defaulted,6,1065.3483350488088,Active,1,1,App,0,7,2,11,7,Late,2,3782.0513369150412,0
SMB15566677,Adebayo,31,Male,Single,None,Increasing,Active,5,16868.631906546398,Dormant,0,0,USSD,1,2,2,4,5,On-time,4,9243.269973678312,1
SMB15566678,Adekunle,19,Female,Single,Primary,Stable,Active,4,11776.781377698482,Dormant,1,1,USSD,1,7,0,5,2,On-time,1,6169.296050695466,0
SMB15566679,Abdullahi,54,Male,Single,None,Increasing,Defaulted,5,48589.72070807832,Dormant,1,0,App,0,1,0,11,8,On-time,2,6034.10536526025,0
SMB15566680,Okonkwo,86,Female,Married,None,Stable,Cleared,7,36634.87365892897,Active,0,1,App,1,4,4,1,7,On-time,2,9131.265747570345,1
SMB15566681,Yusuf,55,Female,Single,Primary,Stable,Cleared,4,18133.015642649647,Active,1,1,USSD,0,3,1,6,2,Late,0,5598.337248996377,0
SMB15566682,Adebayo,58,Female,Married,Primary,Stable,Active,2,5549.409240000406,Dormant,0,1,App,1,8,0,7,6,Late,2,5976.2324855697925,1
SMB15566683,Adekunle,79,Female,Single,None,Stable,Cleared,9,26323.229139840576,Active,1,1,USSD,1,2,2,12,4,On-time,3,3457.156944762173,0
SMB15566684,Sule,77,Male,Married,Primary,Increasing,Cleared,4,11458.946184976074,Dormant,1,1,USSD,0,4,0,13,1,Late,2,3714.409292323716,0
SMB15566685,Adekunle,31,Female,Married,Secondary,Stable,Active,3,27285.04774901953,Active,0,1,None,0,9,0,10,7,On-time,3,6856.068624141526,0
SMB15566686,Okonkwo,19,Male,Married,Primary,Increasing,Active,4,41932.75535476573,Active,0,1,None,1,8,3,8,0,Late,4,3204.35216631312,0
SMB15566687,Chukwu,87,Male,Married,Primary,Increasing,Cleared,4,31173.835052967883,Active,1,1,App,0,5,0,5,3,On-time,4,5591.079205878501,1
SMB15566688,Adekunle,34,Female,Single,Tertiary,Stable,Cleared,6,32055.632557705107,Dormant,0,1,None,1,1,4,6,3,Late,3,2791.966911565796,1
SMB15566689,Abdullahi,45,Male,Single,None,Decreasing,Cleared,4,27510.484164077763,Active,1,0,None,1,0,2,12,9,On-time,0,1661.2523795444533,1
SMB15566690,Adekunle,83,Female,Married,Secondary,Stable,Cleared,6,46436.015998939045,Active,1,0,App,1,0,4,11,4,On-time,0,4544.024589387014,0
SMB15566691,Adekunle,52,Female,Single,None,Stable,Cleared,9,46663.231536609565,Active,1,1,None,0,6,4,12,3,Late,4,2174.4601241410724,1
SMB15566692,Adekunle,22,Female,Married,None,Increasing,Defaulted,3,26123.436852604056,Active,0,1,USSD,0,1,1,0,0,On-time,2,8984.943050815407,0
SMB15566693,Olawale,82,Female,Single,Secondary,Stable,Active,3,15982.214870031718,Active,1,1,USSD,0,6,3,8,6,Late,4,3036.129658270329,0
SMB15566694,Olawale,57,Male,Single,Secondary,Stable,Active,8,23519.763288092752,Active,1,1,USSD,1,0,4,5,9,On-time,4,5974.020955393211,1
SMB15566695,Chukwu,73,Male,Single,Tertiary,Increasing,Defaulted,6,10141.337697585168,Dormant,0,0,App,0,3,1,11,1,On-time,3,2634.418405452039,0
SMB15566696,Adebayo,53,Female,Married,Secondary,Increasing,Cleared,1,32180.871450586375,Active,0,0,USSD,0,9,2,3,9,On-time,0,2580.192627247665,0
SMB15566697,Adekunle,62,Male,Single,Tertiary,Stable,Defaulted,7,25504.524453329428,Dormant,0,0,USSD,1,3,2,9,2,On-time,3,3506.3608147840787,0
SMB15566698,Onuoha,40,Female,Married,None,Decreasing,Cleared,5,6061.723412850714,Dormant,1,1,App,1,4,1,8,4,On-time,4,9158.74567320949,0
SMB15566699,Eze,64,Female,Single,None,Increasing,Active,7,10684.741274861151,Active,0,1,USSD,0,9,4,11,7,Late,1,3914.977382852666,0
SMB15566700,Onuoha,48,Female,Married,None,Decreasing,Defaulted,5,24501.965853776815,Active,0,1,USSD,1,0,4,0,9,On-time,2,8212.664694241445,0
